PSNO_NA_ECP,PSNO_PA_ECP,PA_NO,PS_REGISTERED_VOTERS,WINNER_ECP,OPP_VOTES_ECP,PTI_VOTES_ECP,TURNOUT_NA_ECP,TURNOUT_NA_PERCENTAGE_ECP,TURNOUT_PA_ECP,TURNOUT_PA_PERCENTAGE_ECP,TURNOUT_DIFFERENCE,OPP_VOTES_PTI,PTI_VOTES_PTI,TURNOUT_NA_PTI,ECP_PTI_DIFFERENCE_OPP_VOTES,Comments
1,9,99,1716,Hassan Nasir (MQM),154,0,515,0.30011655,544,0.31701632,29,,,,,
2,10,99,1622,Hassan Nasir (MQM),122,0,406,0.25030826,436,0.26880395,30,,,,,
3,11,99,1209,Hassan Nasir (MQM),91,0,303,0.25062035,328,0.27129859,25,,,,,
4,12,99,1029,Hassan Nasir (MQM),77,0,257,0.24975705,449,0.43634597,192,,,,,
5,13,99,1178,Hassan Nasir (MQM),88,0,294,0.24957555,244,0.20713073,50,,,,,
6,14,99,1554,Hassan Nasir (MQM),117,0,389,0.25032175,564,0.36293436,175,,,,,
7,15,99,1709,Hassan Nasir (MQM),128,0,427,0.24985372,549,0.32124049,122,,,,,
8,16,99,2068,Hassan Nasir (MQM),155,72,517,0.25000000,634,0.30657640,117,,,,,
9,17,99,1306,Hassan Nasir (MQM),98,74,327,0.25038285,429,0.32848392,102,,,,,
10,18,99,1731,Hassan Nasir (MQM),130,0,433,0.25014443,412,0.23801271,21,,,,,
11,19,99,1301,Hassan Nasir (MQM),98,0,325,0.24980784,566,0.43504996,241,,,,,
12,20,99,1607,Hassan Nasir (MQM),121,0,402,0.25015557,579,0.36029869,177,,,,,
13,21,99,2333,Hassan Nasir (MQM),175,0,583,0.24989284,1212,0.51950279,629,,,,,
14,22,99,2050,Hassan Nasir (MQM),154,0,513,0.25024390,1015,0.49512195,502,,,,,
15,23,99,998,Hassan Nasir (MQM),75,35,250,0.25050100,200,0.20040080,50,,,,,
16,24,99,1245,Hassan Nasir (MQM),93,0,312,0.25060241,304,0.24417671,8,,,,,
17,25,99,2813,Hassan Nasir (MQM),211,0,703,0.24991113,1407,0.50017775,704,,,,,
18,26,99,1654,Hassan Nasir (MQM),124,69,413,0.24969770,679,0.41051995,266,,,,,
19,27,99,2069,Hassan Nasir (MQM),155,0,517,0.24987917,523,0.25277912,6,,,,,
20,28,99,1071,Hassan Nasir (MQM),80,0,268,0.25023343,281,0.26237162,13,,,,,
21,29,99,1266,Hassan Nasir (MQM),95,0,317,0.25039494,362,0.28593997,45,,,,,
22,1,101,2704,Hassan Nasir (MQM),203,0,676,0.25000000,1613,0.59652367,937,,,,,
23,2,101,1614,Hassan Nasir (MQM),121,0,403,0.24969021,941,0.58302354,538,,,,,
24,3,101,2745,Hassan Nasir (MQM),206,0,687,0.25027322,1060,0.38615665,373,,,,,
25,4,101,1534,Hassan Nasir (MQM),115,0,383,0.24967405,202,0.13168188,181,,,,,
26,5,101,1460,Hassan Nasir (MQM),110,0,365,0.25000000,1377,0.94315068,1012,,,,,
27,6,101,1823,Hassan Nasir (MQM),137,87,455,0.24958859,1085,0.59517279,630,,,,,
28,7,101,1388,Hassan Nasir (MQM),104,0,347,0.25000000,448,0.32276657,101,,,,,
29,8,101,2022,Hassan Nasir (MQM),152,0,505,0.24975272,537,0.26557864,32,,,,,
30,9,101,1782,Hassan Nasir (MQM),134,0,445,0.24971942,475,0.26655443,30,,,,,
31,10,101,1117,Hassan Nasir (MQM),84,0,280,0.25067144,857,0.76723366,577,,,,,
32,11,101,2016,Hassan Nasir (MQM),151,0,504,0.25000000,1606,0.79662698,1102,,,,,
33,12,101,1593,Hassan Nasir (MQM),119,0,398,0.24984306,996,0.62523540,598,,,,,
34,13,101,1781,Hassan Nasir (MQM),134,0,445,0.24985963,529,0.29702414,84,,,,,
35,14,101,1514,Hassan Nasir (MQM),114,0,378,0.24966975,510,0.33685601,132,,,,,
36,15,101,2567,Hassan Nasir (MQM),193,0,642,0.25009739,1292,0.50331126,650,,,,,
37,16,101,3868,Hassan Nasir (MQM),290,0,967,0.25000000,1453,0.37564633,486,,,,,
38,17,101,2676,Hassan Nasir (MQM),201,0,669,0.25000000,810,0.30269058,141,,,,,
39,18,101,2160,Hassan Nasir (MQM),162,0,540,0.25000000,729,0.33750000,189,,,,,
40,19,101,1393,Hassan Nasir (MQM),104,0,348,0.24982053,Missing Page,#VALUE!,#VALUE!,,,,,
41,20,101,1379,Hassan Nasir (MQM),103,0,345,0.25018129,457,0.33139956,112,,,,,
42,21,101,1854,Hassan Nasir (MQM),139,0,463,0.24973031,1739,0.93797195,1276,,,,,
43,22,101,2376,Hassan Nasir (MQM),178,0,594,0.25000000,1706,0.71801347,1112,,,,,
44,23,101,2053,Hassan Nasir (MQM),154,0,514,0.25036532,651,0.31709693,137,,,,,
45,24,101,1606,Hassan Nasir (MQM),120,0,402,0.25031133,596,0.37110834,194,,,,,
46,25,101,1870,Hassan Nasir (MQM),140,0,468,0.25026738,576,0.30802139,108,,,,,
47,26,101,1832,Equal Votes,0,0,458,0.25000000,1093,0.59661572,635,,,,,
48,27,101,2029,Hassan Nasir (MQM),152,0,508,0.25036964,1188,0.58551010,680,,,,,
49,28,101,2238,Hassan Nasir (MQM),168,0,560,0.25022341,1139,0.50893655,579,,,,,
50,29,101,2413,Hassan Nasir (MQM),181,0,603,0.24989639,758,0.31413179,155,,,,,
51,30,101,1396,Hassan Nasir (MQM),105,49,349,0.25000000,534,0.38252149,185,,,,,
52,31,101,1975,Hassan Nasir (MQM),148,0,494,0.25012658,1005,0.50886076,511,,,,,
53,32,101,2288,Hassan Nasir (MQM),172,0,572,0.25000000,1819,0.79501748,1247,,,,,
54,76,101,1507,Hassan Nasir (MQM),113,0,430,0.28533510,Missing Page,#VALUE!,#VALUE!,,,,,
55,77,101,1523,Hassan Nasir (MQM),114,53,380,0.24950755,Missing Page,#VALUE!,#VALUE!,,,,,
56,78,101,2109,Hassan Nasir (MQM),158,0,528,0.25035562,1403,0.66524419,875,,,,,PS # 78 and 79 of PA 101 have double counting (Same outcomes)
57,79,101,1494,Hassan Nasir (MQM),112,0,374,0.25033467,1408,0.94243641,1034,,,,,
58,80,101,2614,Hassan Nasir (MQM),196,0,654,0.25019128,Missing Page,#VALUE!,#VALUE!,,,,,
59,81,101,1781,Hassan Nasir (MQM),134,0,445,0.24985963,616,0.34587310,171,,,,,
60,82,101,2432,Hassan Nasir (MQM),182,0,608,0.25000000,751,0.30879934,143,,,,,
61,83,101,1449,Hassan Nasir (MQM),109,0,362,0.24982747,449,0.30986888,87,,,,,
62,84,101,1739,Hassan Nasir (MQM),130,0,435,0.25014376,601,0.34560092,166,,,,,
63,85,101,2232,Hassan Nasir (MQM),167,0,558,0.25000000,978,0.43817204,420,,,,,
64,86,101,2220,Hassan Nasir (MQM),167,0,555,0.25000000,624,0.28108108,69,,,,,
65,87,101,1137,Hassan Nasir (MQM),85,0,284,0.24978012,326,0.28671944,42,,,,,
66,88,101,1392,Hassan Nasir (MQM),104,0,348,0.25000000,996,0.71551724,648,,,,,
67,89,101,2329,Hassan Nasir (MQM),175,10,582,0.24989266,795,0.34134822,213,,,,,
68,90,101,2329,Hassan Nasir (MQM),175,25,582,0.24989266,790,0.33920137,208,,,,,
69,91,101,843,Hassan Nasir (MQM),63,0,211,0.25029656,285,0.33807829,74,,,,,
70,92,101,2736,Hassan Nasir (MQM),205,0,684,0.25000000,1763,0.64437135,1079,,,,,
71,93,101,2021,Hassan Nasir (MQM),152,28,505,0.24987630,254,0.12568036,251,,,,,
72,94,101,2733,Hassan Nasir (MQM),205,25,683,0.24990853,938,0.34321259,255,,,,,
73,95,101,2758,Hassan Nasir (MQM),207,25,689,0.24981871,866,0.31399565,177,,,,,
74,96,101,1937,Hassan Nasir (MQM),145,21,484,0.24987093,280,0.14455343,204,,,,,
75,97,101,1995,Hassan Nasir (MQM),150,8,499,0.25012531,668,0.33483709,169,,,,,
76,98,101,2093,Hassan Nasir (MQM),157,23,523,0.24988055,635,0.30339226,112,,,,,
77,35,99,1734,Hassan Nasir (MQM),130,30,483,0.27854671,681,0.39273356,198,,,,,
78,36,99,2086,Hassan Nasir (MQM),156,24,522,0.25023969,681,0.32646213,159,,,,,
79,37,99,1595,Hassan Nasir (MQM),120,29,399,0.25015674,777,0.48714734,378,,,,,
80,38,99,1540,Hassan Nasir (MQM),116,14,385,0.25000000,295,0.19155844,90,,,,,
81,39,99,1293,Hassan Nasir (MQM),81,13,323,0.24980665,575,0.44470224,252,,,,,
82,40,99,2181,Hassan Nasir (MQM),164,30,545,0.24988537,916,0.41999083,371,,,,,
83,41,99,1305,Hassan Nasir (MQM),93,25,326,0.24980843,150,0.11494253,176,,,,,
84,42,99,2207,Hassan Nasir (MQM),166,40,552,0.25011328,441,0.19981876,111,,,,,
85,43,99,1344,Hassan Nasir (MQM),101,35,336,0.25000000,326,0.24255952,10,,,,,
86,44,99,2178,Hassan Nasir (MQM),163,0,544,0.24977043,1008,0.46280992,464,,,,,
87,45,99,2008,Hassan Nasir (MQM),283,56,742,0.36952191,663,0.33017928,79,,,,,
88,46,99,1824,Hassan Nasir (MQM),137,0,456,0.25000000,564,0.30921053,108,,,,,
89,47,99,1049,Hassan Nasir (MQM),79,0,262,0.24976168,328,0.31267874,66,,,,,
90,48,99,2403,Hassan Nasir (MQM),180,0,601,0.25010404,752,0.31294216,151,,,,,
91,49,99,2306,Hassan Nasir (MQM),173,0,577,0.25021683,635,0.27536860,58,,,,,
92,50,99,1953,Hassan Nasir (MQM),146,0,488,0.24987199,614,0.31438812,126,,,,,
93,51,99,1550,Hassan Nasir (MQM),116,0,388,0.25032258,693,0.44709677,305,,,,,
94,52,99,2242,Hassan Nasir (MQM),168,0,560,0.24977698,638,0.28456735,78,,,,,
95,53,99,1346,Hassan Nasir (MQM),101,0,337,0.25037147,491,0.36478455,154,,,,,
96,54,99,1891,Hassan Nasir (MQM),137,0,456,0.24114225,605,0.31993654,149,,,,,
97,55,99,1626,Hassan Nasir (MQM),122,0,407,0.25030750,129,0.07933579,278,,,,,
98,56,99,2013,Hassan Nasir (MQM),151,0,503,0.24987581,469,0.23298559,34,,,,,
99,57,99,1943,Hassan Nasir (MQM),146,0,486,0.25012867,706,0.36335564,220,,,,,
100,58,99,1264,Hassan Nasir (MQM),95,0,316,0.25000000,314,0.24841772,2,,,,,
101,59,99,1736,Hassan Nasir (MQM),130,73,434,0.25000000,667,0.38421659,233,,,,,
102,60,99,1423,Hassan Nasir (MQM),107,60,356,0.25017569,538,0.37807449,182,,,,,
103,61,99,1932,Hassan Nasir (MQM),145,0,483,0.25000000,784,0.40579710,301,,,,,
104,62,99,1342,Hassan Nasir (MQM),101,0,336,0.25037258,548,0.40834575,212,,,,,
105,63,99,1487,Hassan Nasir (MQM),112,0,371,0.24949563,647,0.43510424,276,,,,,
106,64,99,1577,Hassan Nasir (MQM),118,0,394,0.24984147,418,0.26506024,24,,,,,
107,65,99,1552,Hassan Nasir (MQM),116,0,388,0.25000000,637,0.41043814,249,,,,,
108,66,99,921,Hassan Nasir (MQM),69,0,230,0.24972856,242,0.26275787,12,,,,,
109,67,99,1797,Hassan Nasir (MQM),135,0,449,0.24986088,631,0.35114079,182,,,,,
110,68,99,2818,Hassan Nasir (MQM),211,0,704,0.24982257,1055,0.37437899,351,,,,,
111,69,99,1891,Hassan Nasir (MQM),142,0,473,0.25013221,581,0.30724484,108,,,,,
112,70,99,1501,Hassan Nasir (MQM),113,0,375,0.24983344,621,0.41372418,246,,,,,
113,71,99,1771,Hassan Nasir (MQM),133,0,443,0.25014116,534,0.30152456,91,,,,,
114,72,99,2203,Hassan Nasir (MQM),165,0,551,0.25011348,779,0.35360872,228,,,,,
115,73,99,2703,Hassan Nasir (MQM),115,0,383,0.14169441,715,0.26452090,332,,,,,
116,74,99,1515,Hassan Nasir (MQM),114,0,378,0.24950495,378,0.24950495,0,,,,,
117,75,99,2317,Hassan Nasir (MQM),174,0,579,0.24989210,824,0.35563228,245,,,,,
118,76,99,1115,Hassan Nasir (MQM),84,0,278,0.24932735,419,0.37578475,141,,,,,
119,77,99,1715,Hassan Nasir (MQM),129,0,428,0.24956268,754,0.43965015,326,,,,,
120,78,99,2227,Hassan Nasir (MQM),167,0,556,0.24966322,912,0.40951953,356,,,,,
121,79,99,2364,Hassan Nasir (MQM),177,0,591,0.25000000,634,0.26818951,43,,,,,
122,80,99,1507,Hassan Nasir (MQM),113,0,377,0.25016589,430,0.28533510,53,,,,,
123,81,99,1829,Hassan Nasir (MQM),137,0,458,0.25041006,584,0.31930016,126,,,,,
124,82,99,1261,Hassan Nasir (MQM),95,0,315,0.24980174,619,0.49088025,304,,,,,
125,83,99,1925,Hassan Nasir (MQM),144,0,481,0.24987013,777,0.40363636,296,,,,,
126,84,99,2138,Hassan Nasir (MQM),160,0,535,0.25023386,580,0.27128157,45,,,,,
127,85,99,902,Hassan Nasir (MQM),68,0,226,0.25055432,264,0.29268293,38,,,,,
128,86,99,1825,Hassan Nasir (MQM),137,0,456,0.24986301,526,0.28821918,70,,,,,
129,87,99,1250,Hassan Nasir (MQM),94,0,313,0.25040000,354,0.28320000,41,,,,,
130,88,99,2284,Hassan Nasir (MQM),171,0,571,0.25000000,967,0.42338004,396,,,,,
131,89,99,1877,Hassan Nasir (MQM),141,0,469,0.24986681,627,0.33404369,158,,,,,
132,90,99,1426,Hassan Nasir (MQM),107,0,356,0.24964937,379,0.26577840,23,,,,,
133,91,99,2553,Hassan Nasir (MQM),191,0,638,0.24990208,911,0.35683510,273,,,,,
134,92,99,1896,Equal Votes,0,0,445,0.23470464,908,0.47890295,463,,,,,
135,93,99,2717,Hassan Nasir (MQM),66,0,474,0.17445712,785,0.28892160,311,,,,,
136,94,99,2356,Hassan Nasir (MQM),177,0,589,0.25000000,683,0.28989813,94,,,,,
137,95,99,951,Hassan Nasir (MQM),71,0,237,0.24921136,466,0.49001052,229,,,,,
138,96,99,1854,Hassan Nasir (MQM),139,0,464,0.25026969,904,0.48759439,440,,,,,
139,97,99,1926,Hassan Nasir (MQM),144,0,482,0.25025961,920,0.47767394,438,,,,,
140,98,99,1295,Hassan Nasir (MQM),97,0,324,0.25019305,638,0.49266409,314,,,,,
141,99,99,1037,Hassan Nasir (MQM),78,0,259,0.24975892,491,0.47348120,232,,,,,
142,100,99,1433,Hassan Nasir (MQM),107,0,358,0.24982554,589,0.41102582,231,,,,,
143,101,99,2215,Hassan Nasir (MQM),166,0,554,0.25011287,810,0.36568849,256,,,,,
144,102,99,1617,Hassan Nasir (MQM),121,0,404,0.24984539,608,0.37600495,204,,,,,
145,103,99,1219,Hassan Nasir (MQM),91,0,305,0.25020509,663,0.54388843,358,,,,,
146,104,99,2503,Hassan Nasir (MQM),188,0,626,0.25009988,361,0.14422693,265,,,,,
147,105,99,1420,Hassan Nasir (MQM),107,0,355,0.25000000,150,0.10563380,205,,,,,
148,106,99,1306,Hassan Nasir (MQM),98,0,327,0.25038285,357,0.27335375,30,,,,,
149,107,99,1459,Hassan Nasir (MQM),109,0,365,0.25017135,468,0.32076765,103,,,,,
150,108,99,1285,Hassan Nasir (MQM),96,0,322,0.25058366,544,0.42334630,222,,,,,
151,109,99,1586,Hassan Nasir (MQM),119,0,396,0.24968474,521,0.32849937,125,,,,,
152,110,99,1403,Hassan Nasir (MQM),105,0,351,0.25017819,493,0.35138988,142,,,,,
153,111,99,2268,Hassan Nasir (MQM),170,0,567,0.25000000,906,0.39947090,339,,,,,
154,112,99,1717,Hassan Nasir (MQM),129,0,429,0.24985440,694,0.40419336,265,,,,,
155,113,99,1210,Hassan Nasir (MQM),105,16,253,0.20909091,482,0.39834711,229,,,,,
156,114,99,1568,Hassan Nasir (MQM),118,0,392,0.25000000,715,0.45599490,323,,,,,
157,115,99,1396,Hassan Nasir (MQM),105,0,349,0.25000000,434,0.31088825,85,,,,,
158,1,100,1159,Hassan Nasir (MQM),87,0,290,0.25021570,359,0.30974978,69,,,,,
159,2,100,1328,Hassan Nasir (MQM),100,0,332,0.25000000,398,0.29969880,66,,,,,
160,3,100,1472,Equal Votes,0,0,368,0.25000000,456,0.30978261,88,,,,,
161,4,100,1547,Hassan Nasir (MQM),116,0,387,0.25016160,495,0.31997414,108,,,,,
162,5,100,1915,Hassan Nasir (MQM),144,0,478,0.24960836,594,0.31018277,116,,,,,
163,6,100,2135,Hassan Nasir (MQM),160,0,533,0.24964871,768,0.35971897,235,,,,,
164,7,100,1846,Hassan Nasir (MQM),138,0,462,0.25027086,572,0.30985915,110,,,,,
165,8,100,1052,Hassan Nasir (MQM),Missing File,0,263,0.25000000,242,0.23003802,21,,,,,
166,9,100,2524,Hassan Nasir (MQM),164,0,548,0.21711569,783,0.31022187,235,,,,,
167,10,100,2128,Hassan Nasir (MQM),160,0,532,0.25000000,617,0.28994361,85,,,,,
168,11,100,1803,Hassan Nasir (MQM),135,0,451,0.25013866,559,0.31003882,108,,,,,
169,12,100,1748,Equal Votes,0,0,437,0.25000000,630,0.36041190,193,,,,,
170,13,100,1935,Hassan Nasir (MQM),145,0,484,0.25012920,639,0.33023256,155,,,,,
171,14,100,2163,Hassan Nasir (MQM),162,0,541,0.25011558,670,0.30975497,129,,,,,
172,15,100,1708,Hassan Nasir (MQM),128,0,472,0.27634660,495,0.28981265,23,,,,,
173,16,100,1807,Hassan Nasir (MQM),136,0,452,0.25013835,578,0.31986718,126,,,,,
174,17,100,1599,Hassan Nasir (MQM),120,0,408,0.25515947,511,0.31957473,103,,,,,
175,18,100,2419,Hassan Nasir (MQM),181,0,605,0.25010335,870,0.35965275,265,,,,,
176,19,100,2542,Hassan Nasir (MQM),191,0,635,0.24980330,585,0.23013375,50,,,,,
177,20,100,1409,Hassan Nasir (MQM),106,0,353,0.25053229,535,0.37970192,182,,,,,
178,21,100,1399,Hassan Nasir (MQM),105,0,350,0.25017870,504,0.36025733,154,,,,,
179,22,100,2295,Hassan Nasir (MQM),172,0,574,0.25010893,711,0.30980392,137,,,,,
180,23,100,5462,Hassan Nasir (MQM),410,0,1366,0.25009154,2074,0.37971439,708,,,,,
181,24,100,4476,Hassan Nasir (MQM),336,0,1119,0.25000000,1387,0.30987489,268,,,,,
182,25,100,2097,Hassan Nasir (MQM),157,0,524,0.24988078,692,0.32999523,168,,,,,
183,26,100,2780,Hassan Nasir (MQM),208,0,668,0.24028777,945,0.33992806,277,,,,,
184,27,100,1334,Hassan Nasir (MQM),100,0,334,0.25037481,387,0.29010495,53,,,,,
185,28,100,2076,Hassan Nasir (MQM),156,0,519,0.25000000,643,0.30973025,124,,,,,
186,29,100,2306,Hassan Nasir (MQM),173,0,577,0.25021683,619,0.26843018,42,,,,,
187,30,100,2294,Hassan Nasir (MQM),172,0,573,0.24978204,528,0.23016565,45,,,,,
188,31,100,1657,Hassan Nasir (MQM),124,0,414,0.24984912,596,0.35968618,182,,,,,
189,32,100,1628,Hassan Nasir (MQM),122,0,407,0.25000000,553,0.33968059,146,,,,,
190,33,100,1930,Hassan Nasir (MQM),145,0,484,0.25077720,656,0.33989637,172,,,,,
191,34,100,2496,Hassan Nasir (MQM),187,0,623,0.24959936,574,0.22996795,49,,,,,
192,35,100,1472,Hassan Nasir (MQM),110,0,369,0.25067935,530,0.36005435,161,,,,,
193,36,100,1586,Hassan Nasir (MQM),119,67,398,0.25094578,539,0.33984868,141,,,,,
194,37,100,1266,Hassan Nasir (MQM),95,0,316,0.24960506,291,0.22985782,25,,,,,
195,38,100,885,Hassan Nasir (MQM),66,0,221,0.24971751,300,0.33898305,79,,,,,
196,99,101,713,Hassan Nasir (MQM),53,0,178,0.24964937,203,0.28471248,25,,,,,
197,100,101,1980,Hassan Nasir (MQM),149,69,495,0.25000000,599,0.30252525,104,,,,,
198,39,100,2192,Hassan Nasir (MQM),164,0,548,0.25000000,745,0.33987226,197,,,,,
199,40,100,2465,Hassan Nasir (MQM),185,155,616,0.24989858,760,0.30831643,144,,,,,
200,101,101,2048,Hassan Nasir (MQM),154,0,513,0.25048828,770,0.37597656,257,,,,,PS # 101 and 102 of PA # 101 have double counting (Same outcomes)
201,102,101,1850,Hassan Nasir (MQM),139,0,464,0.25081081,770,0.41621622,306,,,,,
202,103,101,1727,Hassan Nasir (MQM),130,0,432,0.25014476,240,0.13896931,192,,,,,
203,104,101,2188,Hassan Nasir (MQM),164,0,548,0.25045704,1625,0.74268739,1077,,,,,
204,105,101,2660,Hassan Nasir (MQM),200,0,666,0.25037594,819,0.30789474,153,,,,,
205,106,101,2330,Hassan Nasir (MQM),93,0,582,0.24978541,644,0.27639485,62,,,,,
206,107,101,1869,Hassan Nasir (MQM),140,0,466,0.24933119,671,0.35901552,205,,,,,
207,108,101,1609,Hassan Nasir (MQM),121,0,402,0.24984462,479,0.29770044,77,,,,,
208,109,101,1369,Hassan Nasir (MQM),103,0,342,0.24981738,480,0.35062089,138,,,,,
209,110,101,1259,Hassan Nasir (MQM),94,0,314,0.24940429,866,0.68784750,552,,,,,
210,111,101,1878,Hassan Nasir (MQM),141,0,470,0.25026624,1267,0.67465389,797,,,,,
211,112,101,1745,Hassan Nasir (MQM),131,0,436,0.24985673,980,0.56160458,544,,,,,
212,113,101,1970,Hassan Nasir (MQM),148,0,493,0.25025381,644,0.32690355,151,,,,,
213,114,101,1595,Hassan Nasir (MQM),120,0,399,0.25015674,582,0.36489028,183,,,,,
214,115,101,2441,Hassan Nasir (MQM),183,0,610,0.24989758,1188,0.48668578,578,,,,,
215,116,101,2020,Hassan Nasir (MQM),152,0,506,0.25049505,705,0.34900990,199,,,,,
216,117,101,1536,Hassan Nasir (MQM),115,0,385,0.25065104,427,0.27799479,42,,,,,
217,118,101,2058,Hassan Nasir (MQM),154,0,514,0.24975705,728,0.35374150,214,,,,,
218,119,101,1411,Hassan Nasir (MQM),106,0,352,0.24946846,702,0.49751949,350,,,,,
219,41,100,2144,Hassan Nasir (MQM),161,0,536,0.25000000,664,0.30970149,128,,,,,
220,42,100,2590,Equal Votes,0,0,648,0.25019305,803,0.31003861,155,,,,,
221,43,100,1597,Hassan Nasir (MQM),120,0,400,0.25046963,565,0.35378835,165,,,,,
222,44,100,1578,Hassan Nasir (MQM),118,0,393,0.24904943,489,0.30988593,96,,,,,
223,45,100,1706,Hassan Nasir (MQM),128,0,427,0.25029308,493,0.28898007,66,,,,,
224,46,100,2762,Hassan Nasir (MQM),207,0,691,0.25018103,801,0.29000724,110,,,,,
225,47,100,1524,Hassan Nasir (MQM),114,0,380,0.24934383,509,0.33398950,129,,,,,
226,48,100,1267,Hassan Nasir (MQM),95,0,316,0.24940805,418,0.32991318,102,,,,,
227,49,100,1737,Hassan Nasir (MQM),130,0,434,0.24985607,563,0.32412205,129,,,,,
228,50,100,1137,Hassan Nasir (MQM),35,0,285,0.25065963,352,0.30958663,67,,,,,
229,51,100,2780,Hassan Nasir (MQM),209,0,695,0.25000000,889,0.31978417,194,,,,,
230,52,100,2437,Hassan Nasir (MQM),183,0,609,0.24989741,785,0.32211736,176,,,,,
231,53,100,1577,Hassan Nasir (MQM),118,0,395,0.25047559,502,0.31832594,107,,,,,
232,54,100,1617,Hassan Nasir (MQM),121,0,404,0.24984539,517,0.31972789,113,,,,,
233,55,100,1468,Hassan Nasir (MQM),110,0,367,0.25000000,411,0.27997275,44,,,,,
234,56,100,2227,Hassan Nasir (MQM),167,0,557,0.25011226,712,0.31971262,155,,,,,
235,57,100,1569,Hassan Nasir (MQM),118,0,392,0.24984066,564,0.35946463,172,,,,,
236,58,100,1793,Hassan Nasir (MQM),134,0,448,0.24986057,610,0.34021194,162,,,,,
237,59,100,2013,Hassan Nasir (MQM),151,0,503,0.24987581,685,0.34028813,182,,,,,
238,60,100,2771,Hassan Nasir (MQM),208,0,693,0.25009022,942,0.33994948,249,,,,,
239,61,100,1119,Hassan Nasir (MQM),84,0,279,0.24932976,279,0.24932976,0,,,,,
240,62,100,1793,Hassan Nasir (MQM),134,0,448,0.24986057,502,0.27997769,54,,,,,
241,63,100,1753,Hassan Nasir (MQM),131,0,438,0.24985739,543,0.30975471,105,,,,,
242,64,100,2199,Hassan Nasir (MQM),165,0,550,0.25011369,593,0.26966803,43,,,,,
243,65,100,2058,Hassan Nasir (MQM),154,0,514,0.24975705,638,0.31000972,124,,,,,
244,66,100,1374,Hassan Nasir (MQM),103,0,343,0.24963610,439,0.31950509,96,,,,,
245,67,100,2299,Hassan Nasir (MQM),172,0,575,0.25010874,771,0.33536320,196,,,,,
246,68,100,1428,Hassan Nasir (MQM),107,0,357,0.25000000,485,0.33963585,128,,,,,
247,69,100,1483,Hassan Nasir (MQM),111,0,371,0.25016858,504,0.33985165,133,,,,,
248,70,100,1061,Hassan Nasir (MQM),80,0,266,0.25070688,413,0.38925542,147,,,,,
249,71,100,1527,Hassan Nasir (MQM),115,0,382,0.25016372,549,0.35952849,167,,,,,
250,72,100,2407,Hassan Nasir (MQM),181,0,601,0.24968841,698,0.28998754,97,,,,,
251,73,100,1682,Hassan Nasir (MQM),126,0,421,0.25029727,454,0.26991677,33,,,,,
252,74,100,2099,Hassan Nasir (MQM),157,0,525,0.25011910,647,0.30824202,122,,,,,
253,75,100,1521,Hassan Nasir (MQM),114,0,380,0.24983563,517,0.33990796,137,,,,,
254,76,100,1892,Hassan Nasir (MQM),142,0,473,0.25000000,802,0.42389006,329,,,,,
255,77,100,2360,Hassan Nasir (MQM),177,0,591,0.25042373,587,0.24872881,4,,,,,
256,78,100,2268,Hassan Nasir (MQM),170,0,566,0.24955908,653,0.28791887,87,,,,,
257,79,100,1797,Hassan Nasir (MQM),135,0,449,0.24986088,481,0.26766834,32,,,,,
258,80,100,2075,Hassan Nasir (MQM),366,0,519,0.25012048,685,0.33012048,166,,,,,
259,81,100,2470,Hassan Nasir (MQM),185,0,617,0.24979757,835,0.33805668,218,,,,,
260,82,100,1284,Hassan Nasir (MQM),10,0,322,0.25077882,296,0.23052960,26,,,,,
261,83,100,1631,Hassan Nasir (MQM),122,0,408,0.25015328,587,0.35990190,179,,,,,
262,84,100,2051,Hassan Nasir (MQM),154,0,513,0.25012189,472,0.23013164,41,,,,,
263,85,100,2209,Hassan Nasir (MQM),166,0,553,0.25033952,508,0.22996831,45,,,,,
264,86,100,1818,Hassan Nasir (MQM),136,0,454,0.24972497,564,0.31023102,110,,,,,
265,87,100,1120,Hassan Nasir (MQM),84,0,280,0.25000000,347,0.30982143,67,,,,,
266,88,100,2380,Hassan Nasir (MQM),179,0,595,0.25000000,737,0.30966387,142,,,,,
267,89,100,2381,Hassan Nasir (MQM),179,0,595,0.24989500,768,0.32255355,173,,,,,
268,90,100,1159,Hassan Nasir (MQM),87,0,290,0.25021570,310,0.26747196,20,,,,,
269,91,100,1594,Hassan Nasir (MQM),120,0,399,0.25031368,494,0.30991217,95,,,,,
270,92,100,1647,Hassan Nasir (MQM),86,0,287,0.17425622,397,0.24104432,110,,,,,
271,93,100,1146,Hassan Nasir (MQM),86,0,286,0.24956370,332,0.28970332,46,,,,,
272,94,100,1909,Hassan Nasir (MQM),143,0,477,0.24986904,649,0.33996857,172,,,,,
273,95,100,1441,Hassan Nasir (MQM),108,0,360,0.24982651,332,0.23039556,28,,,,,
274,96,100,1615,Hassan Nasir (MQM),121,0,405,0.25077399,500,0.30959752,95,,,,,
275,97,100,1990,Hassan Nasir (MQM),149,0,497,0.24974874,458,0.23015075,39,,,,,
276,98,100,1537,Hassan Nasir (MQM),115,0,385,0.25048796,446,0.29017567,61,,,,,
277,99,100,2262,Hassan Nasir (MQM),170,0,565,0.24977896,701,0.30990274,136,,,,,
278,100,100,1663,Hassan Nasir (MQM),125,0,416,0.25015033,532,0.31990379,116,,,,,
279,101,100,1149,Hassan Nasir (MQM),86,0,286,0.24891210,413,0.35944299,127,,,,,
280,102,100,1311,Hassan Nasir (MQM),98,0,328,0.25019069,302,0.23035850,26,,,,,
281,103,100,1956,Hassan Nasir (MQM),98,0,328,0.16768916,723,0.36963190,395,,,,,
282,104,100,1370,Hassan Nasir (MQM),103,0,343,0.25036496,411,0.30000000,68,,,,,
283,105,100,1115,Hassan Nasir (MQM),84,0,279,0.25022422,334,0.29955157,55,,,,,
284,106,100,1578,Hassan Nasir (MQM),118,0,396,0.25095057,363,0.23003802,33,,,,,
285,107,100,2446,Hassan Nasir (MQM),154,0,612,0.25020442,832,0.34014718,220,,,,,
286,108,100,2823,Equal Votes,0,0,706,0.25008856,875,0.30995395,169,,,,,
287,109,100,1753,Equal Votes,0,0,438,0.24985739,473,0.26982316,35,,,,,
288,110,100,1889,Hassan Nasir (MQM),6,0,472,0.24986765,642,0.33986236,170,,,,,
289,111,100,2247,Hassan Nasir (MQM),9,0,562,0.25011126,741,0.32977303,179,,,,,
290,112,100,2655,Hassan Nasir (MQM),13,0,664,0.25009416,929,0.34990584,265,,,,,
291,113,100,2436,Hassan Nasir (MQM),183,85,608,0.24958949,807,0.33128079,199,,,,,
292,114,100,2496,Hassan Nasir (MQM),125,0,625,0.25040064,653,0.26161859,28,,,,,
293,115,100,1198,Hassan Nasir (MQM),6,0,284,0.23706177,372,0.31051753,88,,,,,
294,116,100,2400,Hassan Nasir (MQM),4,0,600,0.25000000,646,0.26916667,46,,,,,