psnum_na,psnum_ps,turnout_percentage_ps,total_votes,psnum,pti_acc_ecp,est_acc_ecp,total_votes_acc_ecp,pti_acc_pti,est_acc_pti,total_votes_acc_pti,pti_acc_pti_fixed,est_acc_pti_fixed,total_votes_acc_pti_fixed,est_diff,pti_diff,total_votes_diff,ecp_pti_discrepency,pti_won_acc_ecp,ecp_winner,pti_winner,name,registered_voters,turnout_acc_ecp,turnout_acc_pti
1.0,1.0,0.2971813725490196,485.0,1,192,24,487.0,187.0,24.0,487.0,187.0,24.0,487.0,0.0,5.0,0.0,False,True,DAWA KHAN SABIR  PTI,DAWA KHAN SABIR  PTI,2,1632,0.29840686274509803,0.29840686274509803
2.0,2.0,0.40247495580436066,683.0,2,275,27,683.0,275.0,27.0,683.0,275.0,27.0,683.0,0.0,0.0,0.0,False,True,DAWA KHAN SABIR  PTI,DAWA KHAN SABIR  PTI,2,1697,0.40247495580436066,0.40247495580436066
3.0,3.0,1.0,2189.0,3,120,11,394.0,120.0,11.0,394.0,120.0,11.0,394.0,0.0,0.0,0.0,False,True,DAWA KHAN SABIR  PTI,DAWA KHAN SABIR  PTI,3,2189,0.17999086340794884,0.17999086340794884
4.0,4.0,0.38235294117647056,871.0,4,324,10,871.0,324.0,10.0,871.0,324.0,10.0,871.0,0.0,0.0,0.0,False,True,DAWA KHAN SABIR  PTI,DAWA KHAN SABIR  PTI,3,2278,0.38235294117647056,0.38235294117647056
5.0,5.0,0.21945701357466063,194.0,5,80,685,874.0,80.0,5.0,194.0,80.0,5.0,194.0,680.0,0.0,680.0,False,False,SYED MUSTAFA KAMAL MQM,DAWA KHAN SABIR  PTI,3,884,0.9886877828054299,0.21945701357466063
6.0,6.0,0.34779240898528274,449.0,6,163,828,1249.0,163.0,28.0,449.0,163.0,28.0,449.0,800.0,0.0,800.0,False,False,SYED MUSTAFA KAMAL MQM,DAWA KHAN SABIR  PTI,3,1291,0.9674670797831139,0.34779240898528274
7.0,7.0,0.4322498944702406,1024.0,7,393,20,1024.0,393.0,20.0,1024.0,393.0,20.0,1024.0,0.0,0.0,0.0,False,True,DAWA KHAN SABIR  PTI,DAWA KHAN SABIR  PTI,4,2369,0.4322498944702406,0.4322498944702406
8.0,8.0,0.27208706786171577,425.0,8,157,5,425.0,157.0,5.0,425.0,157.0,5.0,425.0,0.0,0.0,0.0,False,True,DAWA KHAN SABIR  PTI,DAWA KHAN SABIR  PTI,4,1562,0.27208706786171577,0.27208706786171577
9.0,9.0,0.735838779956427,1351.0,9,243,1012,1605.0,243.0,12.0,,243.0,12.0,1605.0,1000.0,0.0,0.0,False,False,SYED MUSTAFA KAMAL MQM,DAWA KHAN SABIR  PTI,5,1836,0.8741830065359477,0.8741830065359477
10.0,10.0,0.41778405081157377,592.0,10,191,13,592.0,191.0,13.0,592.0,191.0,13.0,592.0,0.0,0.0,0.0,False,True,DAWA KHAN SABIR  PTI,DAWA KHAN SABIR  PTI,5,1417,0.41778405081157377,0.41778405081157377
11.0,11.0,0.23010752688172043,214.0,11,63,4,214.0,63.0,4.0,214.0,63.0,4.0,214.0,0.0,0.0,0.0,False,True,DAWA KHAN SABIR  PTI,DAWA KHAN SABIR  PTI,5,930,0.23010752688172043,0.23010752688172043
12.0,12.0,0.3605128205128205,703.0,12,272,45,703.0,272.0,45.0,703.0,272.0,45.0,703.0,0.0,0.0,0.0,False,True,DAWA KHAN SABIR  PTI,DAWA KHAN SABIR  PTI,6,1950,0.3605128205128205,0.3605128205128205
13.0,13.0,1.0,1174.0,13,98,12,251.0,98.0,12.0,251.0,98.0,12.0,251.0,0.0,0.0,0.0,False,True,DAWA KHAN SABIR  PTI,DAWA KHAN SABIR  PTI,6,1174,0.21379897785349233,0.21379897785349233
14.0,1.0,0.2632831086439334,332.0,14,157,27,330.0,157.0,27.0,331.0,157.0,27.0,331.0,0.0,0.0,1.0,False,True,DAWA KHAN SABIR  PTI,DAWA KHAN SABIR  PTI,6,1261,0.2616970658207772,0.2624900872323553
15.0,2.0,0.3700787401574803,517.0,15,164,886,1317.0,164.0,86.0,517.0,164.0,86.0,517.0,800.0,0.0,800.0,False,False,SYED MUSTAFA KAMAL MQM,DAWA KHAN SABIR  PTI,6,1397,0.9427344309234073,0.3700787401574803
16.0,3.0,0.30700179533213645,684.0,16,246,36,681.0,246.0,36.0,681.0,246.0,36.0,681.0,0.0,0.0,0.0,False,True,DAWA KHAN SABIR  PTI,DAWA KHAN SABIR  PTI,6,2228,0.30565529622980253,0.30565529622980253
,,0.1995263469508585,,17,95,27,337.0,95.0,27.0,337.0,95.0,27.0,337.0,0.0,0.0,0.0,False,True,DAWA KHAN SABIR  PTI,DAWA KHAN SABIR  PTI,7,1689,0.1995263469508585,0.1995263469508585
18.0,14.0,1.0,739.0,18,103,516,739.0,103.0,16.0,184.0,103.0,16.0,184.0,500.0,0.0,555.0,False,False,SYED MUSTAFA KAMAL MQM,DAWA KHAN SABIR  PTI,7,739,1.0,0.2489851150202977
19.0,15.0,0.39504563233376794,606.0,19,269,967,1506.0,269.0,67.0,606.0,269.0,67.0,606.0,900.0,0.0,900.0,False,False,SYED MUSTAFA KAMAL MQM,DAWA KHAN SABIR  PTI,7,1534,0.9817470664928292,0.39504563233376794
20.0,16.0,1.0,1378.0,20,114,1016,1254.0,114.0,16.0,275.0,114.0,16.0,275.0,1000.0,0.0,979.0,False,False,SYED MUSTAFA KAMAL MQM,DAWA KHAN SABIR  PTI,7,1378,0.9100145137880987,0.1995645863570392
21.0,17.0,0.7680722891566265,1785.0,21,275,47,800.0,275.0,47.0,779.0,275.0,47.0,779.0,0.0,0.0,21.0,False,True,DAWA KHAN SABIR  PTI,DAWA KHAN SABIR  PTI,8,2324,0.3442340791738382,0.33519793459552494
22.0,18.0,0.40178129638792676,812.0,22,208,67,808.0,208.0,67.0,808.0,208.0,67.0,808.0,0.0,0.0,0.0,False,True,DAWA KHAN SABIR  PTI,DAWA KHAN SABIR  PTI,8,2021,0.3998020781791192,0.3998020781791192
23.0,19.0,0.23520368946963874,306.0,23,120,11,394.0,56.0,13.0,305.0,56.0,13.0,305.0,2.0,64.0,89.0,True,True,DAWA KHAN SABIR  PTI,DAWA KHAN SABIR  PTI,9,1301,0.30284396617986165,0.23443504996156803
24.0,20.0,0.39086595492289444,659.0,24,222,1042,1659.0,222.0,42.0,659.0,222.0,42.0,659.0,1000.0,0.0,1000.0,False,False,SYED MUSTAFA KAMAL MQM,DAWA KHAN SABIR  PTI,9,1686,0.9839857651245552,0.39086595492289444
25.0,21.0,0.19478260869565217,336.0,25,94,15,336.0,94.0,15.0,336.0,94.0,15.0,336.0,0.0,0.0,0.0,False,True,DAWA KHAN SABIR  PTI,DAWA KHAN SABIR  PTI,10,1725,0.19478260869565217,0.19478260869565217
26.0,22.0,0.3560606060606061,376.0,26,152,18,376.0,152.0,18.0,376.0,152.0,18.0,376.0,0.0,0.0,0.0,False,True,DAWA KHAN SABIR  PTI,DAWA KHAN SABIR  PTI,10,1056,0.3560606060606061,0.3560606060606061
27.0,23.0,0.3941814033086138,691.0,27,101,445,693.0,101.0,445.0,689.0,101.0,445.0,689.0,0.0,0.0,4.0,False,False,SYED MUSTAFA KAMAL MQM,SYED MUSTAFA KAMAL MQM,10,1753,0.3953223046206503,0.3930405019965773
28.0,24.0,0.8213552361396304,,28,43,1101,1200.0,43.0,1101.0,1200.0,43.0,1101.0,1200.0,0.0,0.0,0.0,False,False,SYED MUSTAFA KAMAL MQM,SYED MUSTAFA KAMAL MQM,11,1461,0.8213552361396304,0.8213552361396304
29.0,25.0,0.8929384965831435,1568.0,29,250,585,908.0,1100.0,110.0,,1100.0,110.0,908.0,475.0,850.0,0.0,True,False,SYED MUSTAFA KAMAL MQM,DAWA KHAN SABIR  PTI,11,1756,0.5170842824601367,0.5170842824601367
30.0,26.0,0.6685236768802229,1200.0,30,144,103,811.0,144.0,103.0,811.0,144.0,103.0,811.0,0.0,0.0,0.0,False,True,DAWA KHAN SABIR  PTI,DAWA KHAN SABIR  PTI,11,1795,0.45181058495821724,0.45181058495821724
31.0,27.0,0.3185131195335277,437.0,31,67,64,437.0,67.0,64.0,437.0,67.0,64.0,437.0,0.0,0.0,0.0,False,True,DAWA KHAN SABIR  PTI,DAWA KHAN SABIR  PTI,12,1372,0.3185131195335277,0.3185131195335277
32.0,28.0,0.4779021803182086,811.0,32,167,240,836.0,167.0,240.0,836.0,167.0,240.0,836.0,0.0,0.0,0.0,False,False,SYED MUSTAFA KAMAL MQM,SYED MUSTAFA KAMAL MQM,12,1697,0.4926340601060695,0.4926340601060695
33.0,29.0,0.19914651493598862,280.0,33,97,1105,1360.0,97.0,105.0,360.0,97.0,105.0,360.0,1000.0,0.0,1000.0,False,False,SYED MUSTAFA KAMAL MQM,SYED MUSTAFA KAMAL MQM,12,1406,0.9672830725462305,0.25604551920341395
34.0,30.0,0.7922264875239923,1651.0,34,192,1163,1700.0,192.0,1163.0,1700.0,192.0,1163.0,1700.0,0.0,0.0,0.0,False,False,SYED MUSTAFA KAMAL MQM,SYED MUSTAFA KAMAL MQM,13,2084,0.8157389635316699,0.8157389635316699
35.0,31.0,0.17519106407995297,298.0,35,121,56,298.0,121.0,56.0,298.0,121.0,56.0,298.0,0.0,0.0,0.0,False,True,DAWA KHAN SABIR  PTI,DAWA KHAN SABIR  PTI,13,1701,0.17519106407995297,0.17519106407995297
36.0,32.0,0.36190897039328324,819.0,36,335,150,839.0,335.0,150.0,839.0,335.0,150.0,839.0,0.0,0.0,0.0,False,True,DAWA KHAN SABIR  PTI,DAWA KHAN SABIR  PTI,13,2263,0.37074679628811313,0.37074679628811313
37.0,33.0,0.2332601536772777,425.0,37,194,41,425.0,194.0,41.0,425.0,194.0,41.0,425.0,0.0,0.0,0.0,False,True,DAWA KHAN SABIR  PTI,DAWA KHAN SABIR  PTI,13,1822,0.2332601536772777,0.2332601536772777
38.0,34.0,0.3173531397704254,470.0,38,164,72,476.0,164.0,72.0,476.0,164.0,72.0,476.0,0.0,0.0,0.0,False,True,DAWA KHAN SABIR  PTI,DAWA KHAN SABIR  PTI,14,1481,0.3214044564483457,0.3214044564483457
39.0,35.0,0.28875064800414724,557.0,39,85,530,732.0,310.0,16.0,557.0,310.0,16.0,557.0,514.0,225.0,175.0,True,False,SYED MUSTAFA KAMAL MQM,DAWA KHAN SABIR  PTI,14,1929,0.37947122861586313,0.28875064800414724
40.0,36.0,0.37481371087928467,503.0,40,270,18,503.0,270.0,18.0,503.0,270.0,18.0,503.0,0.0,0.0,0.0,False,True,DAWA KHAN SABIR  PTI,DAWA KHAN SABIR  PTI,14,1342,0.37481371087928467,0.37481371087928467
41.0,37.0,0.20827456511518572,443.0,41,260,5,443.0,260.0,5.0,443.0,260.0,5.0,443.0,0.0,0.0,0.0,False,True,DAWA KHAN SABIR  PTI,DAWA KHAN SABIR  PTI,14,2127,0.20827456511518572,0.20827456511518572
42.0,38.0,0.49150485436893204,810.0,42,211,744,1440.0,211.0,114.0,810.0,211.0,114.0,810.0,630.0,0.0,630.0,False,False,SYED MUSTAFA KAMAL MQM,DAWA KHAN SABIR  PTI,15,1648,0.8737864077669902,0.49150485436893204
43.0,39.0,0.3047696038803557,,43,111,46,377.0,111.0,46.0,375.0,111.0,46.0,375.0,0.0,0.0,2.0,False,True,DAWA KHAN SABIR  PTI,DAWA KHAN SABIR  PTI,15,1237,0.3047696038803557,0.30315278900565884
44.0,40.0,0.4165302782324059,509.0,44,311,44,509.0,311.0,44.0,509.0,311.0,44.0,509.0,0.0,0.0,0.0,False,True,DAWA KHAN SABIR  PTI,DAWA KHAN SABIR  PTI,15,1222,0.4165302782324059,0.4165302782324059
45.0,41.0,0.44971264367816094,626.0,45,270,42,627.0,270.0,42.0,,270.0,42.0,627.0,0.0,0.0,0.0,False,True,DAWA KHAN SABIR  PTI,DAWA KHAN SABIR  PTI,15,1392,0.4504310344827586,0.4504310344827586
46.0,42.0,0.25634106853750677,475.0,46,246,25,475.0,240.0,25.0,475.0,240.0,25.0,475.0,0.0,6.0,0.0,False,True,DAWA KHAN SABIR  PTI,DAWA KHAN SABIR  PTI,16,1853,0.25634106853750677,0.25634106853750677
47.0,43.0,0.42953020134228187,640.0,47,66,208,640.0,66.0,208.0,,66.0,208.0,640.0,0.0,0.0,0.0,False,False,SYED MUSTAFA KAMAL MQM,SYED MUSTAFA KAMAL MQM,16,1490,0.42953020134228187,0.42953020134228187
48.0,44.0,0.21875,280.0,48,51,117,280.0,51.0,117.0,280.0,51.0,117.0,280.0,0.0,0.0,0.0,False,False,SYED MUSTAFA KAMAL MQM,SYED MUSTAFA KAMAL MQM,16,1280,0.21875,0.21875
49.0,45.0,0.4742382271468144,856.0,49,129,396,856.0,129.0,197.0,,129.0,197.0,856.0,199.0,0.0,0.0,False,False,SYED MUSTAFA KAMAL MQM,SYED MUSTAFA KAMAL MQM,16,1805,0.4742382271468144,0.4742382271468144
50.0,46.0,0.4231292517006803,622.0,50,202,132,622.0,202.0,132.0,622.0,202.0,132.0,622.0,0.0,0.0,0.0,False,True,DAWA KHAN SABIR  PTI,DAWA KHAN SABIR  PTI,16,1470,0.4231292517006803,0.4231292517006803
51.0,47.0,0.2260940032414911,279.0,51,120,31,278.0,120.0,31.0,278.0,120.0,31.0,278.0,0.0,0.0,0.0,False,True,DAWA KHAN SABIR  PTI,DAWA KHAN SABIR  PTI,17,1234,0.2252836304700162,0.2252836304700162
52.0,48.0,0.5858343337334934,976.0,52,105,580,978.0,105.0,580.0,978.0,105.0,580.0,978.0,0.0,0.0,0.0,False,False,SYED MUSTAFA KAMAL MQM,SYED MUSTAFA KAMAL MQM,17,1666,0.5870348139255702,0.5870348139255702
53.0,49.0,0.67,938.0,53,87,761,958.0,82.0,261.0,458.0,82.0,261.0,458.0,500.0,5.0,500.0,True,False,SYED MUSTAFA KAMAL MQM,SYED MUSTAFA KAMAL MQM,17,1400,0.6842857142857143,0.3271428571428571
54.0,50.0,0.7128347183748845,772.0,54,99,713,1023.0,99.0,713.0,1023.0,99.0,713.0,1023.0,0.0,0.0,0.0,False,False,SYED MUSTAFA KAMAL MQM,SYED MUSTAFA KAMAL MQM,18,1083,0.9445983379501385,0.9445983379501385
55.0,51.0,0.44170212765957445,519.0,55,129,171,519.0,129.0,171.0,519.0,129.0,171.0,519.0,0.0,0.0,0.0,False,False,SYED MUSTAFA KAMAL MQM,SYED MUSTAFA KAMAL MQM,18,1175,0.44170212765957445,0.44170212765957445
56.0,52.0,0.7693877551020408,1508.0,56,52,425,532.0,267.0,811.0,1492.0,267.0,811.0,1492.0,386.0,215.0,960.0,True,False,SYED MUSTAFA KAMAL MQM,SYED MUSTAFA KAMAL MQM,18,1960,0.2714285714285714,0.7612244897959184
57.0,53.0,0.4087439278278973,589.0,57,121,72,589.0,,,,121.0,72.0,589.0,0.0,0.0,0.0,False,True,DAWA KHAN SABIR  PTI,DAWA KHAN SABIR  PTI,18,1441,0.4087439278278973,0.4087439278278973
58.0,54.0,0.22125435540069685,254.0,58,78,29,254.0,78.0,29.0,254.0,78.0,29.0,254.0,0.0,0.0,0.0,False,True,DAWA KHAN SABIR  PTI,DAWA KHAN SABIR  PTI,19,1148,0.22125435540069685,0.22125435540069685
59.0,55.0,0.38739330269205513,590.0,59,181,971,1490.0,181.0,71.0,590.0,181.0,71.0,590.0,900.0,0.0,900.0,False,False,SYED MUSTAFA KAMAL MQM,DAWA KHAN SABIR  PTI,19,1523,0.9783322390019698,0.38739330269205513
60.0,56.0,0.4841101694915254,914.0,60,183,316,914.0,183.0,316.0,914.0,183.0,316.0,914.0,0.0,0.0,0.0,False,False,SYED MUSTAFA KAMAL MQM,SYED MUSTAFA KAMAL MQM,19,1888,0.4841101694915254,0.4841101694915254
61.0,57.0,0.5921985815602837,835.0,61,1002,603,880.0,102.0,37.0,,102.0,37.0,880.0,566.0,900.0,0.0,True,True,DAWA KHAN SABIR  PTI,DAWA KHAN SABIR  PTI,19,1410,0.624113475177305,0.624113475177305
62.0,58.0,0.40344168260038243,422.0,62,75,69,424.0,,,,75.0,69.0,424.0,0.0,0.0,0.0,False,True,DAWA KHAN SABIR  PTI,DAWA KHAN SABIR  PTI,19,1046,0.40535372848948376,0.40535372848948376
63.0,59.0,0.43117300482056775,,63,327,32,805.0,327.0,32.0,804.0,327.0,32.0,804.0,0.0,0.0,1.0,False,True,DAWA KHAN SABIR  PTI,DAWA KHAN SABIR  PTI,20,1867,0.43117300482056775,0.4306373861810391
64.0,60.0,0.5066952329941082,946.0,64,153,286,938.0,153.0,286.0,938.0,153.0,286.0,938.0,0.0,0.0,0.0,False,False,SYED MUSTAFA KAMAL MQM,SYED MUSTAFA KAMAL MQM,20,1867,0.502410283877879,0.502410283877879
65.0,61.0,0.2867036011080332,414.0,65,64,82,415.0,,,,64.0,82.0,415.0,0.0,0.0,0.0,False,False,SYED MUSTAFA KAMAL MQM,SYED MUSTAFA KAMAL MQM,20,1444,0.2873961218836565,0.2873961218836565
66.0,62.0,0.9789555728760717,1256.0,66,140,915,1256.0,140.0,216.0,564.0,140.0,216.0,564.0,699.0,0.0,692.0,False,False,SYED MUSTAFA KAMAL MQM,SYED MUSTAFA KAMAL MQM,21,1283,0.9789555728760717,0.4395946999220577
67.0,63.0,0.9703429101019463,1047.0,67,99,692,963.0,65.0,48.0,,65.0,48.0,963.0,644.0,34.0,0.0,True,False,SYED MUSTAFA KAMAL MQM,DAWA KHAN SABIR  PTI,21,1079,0.8924930491195552,0.8924930491195552
68.0,64.0,0.545928338762215,838.0,68,78,159,838.0,78.0,159.0,762.0,78.0,159.0,762.0,0.0,0.0,76.0,False,False,SYED MUSTAFA KAMAL MQM,SYED MUSTAFA KAMAL MQM,21,1535,0.545928338762215,0.49641693811074916
69.0,65.0,0.3727714748784441,460.0,69,62,61,460.0,62.0,61.0,460.0,62.0,61.0,460.0,0.0,0.0,0.0,False,True,DAWA KHAN SABIR  PTI,DAWA KHAN SABIR  PTI,22,1234,0.3727714748784441,0.3727714748784441
70.0,66.0,0.4266666666666667,672.0,70,141,152,672.0,141.0,152.0,672.0,141.0,152.0,672.0,0.0,0.0,0.0,False,False,SYED MUSTAFA KAMAL MQM,SYED MUSTAFA KAMAL MQM,22,1575,0.4266666666666667,0.4266666666666667
71.0,67.0,0.22870299309286263,298.0,71,65,48,298.0,,,,65.0,48.0,298.0,0.0,0.0,0.0,False,True,DAWA KHAN SABIR  PTI,DAWA KHAN SABIR  PTI,22,1303,0.22870299309286263,0.22870299309286263
72.0,68.0,0.28515962036238135,661.0,72,289,87,661.0,289.0,87.0,661.0,289.0,87.0,661.0,0.0,0.0,0.0,False,True,DAWA KHAN SABIR  PTI,DAWA KHAN SABIR  PTI,23,2318,0.28515962036238135,0.28515962036238135
73.0,69.0,0.3436401967673928,489.0,73,225,66,,225.0,66.0,,225.0,66.0,,0.0,0.0,,False,True,DAWA KHAN SABIR  PTI,DAWA KHAN SABIR  PTI,23,1423,,
74.0,70.0,0.3898973954222573,494.0,74,292,730,1194.0,292.0,30.0,494.0,292.0,30.0,494.0,700.0,0.0,700.0,False,False,SYED MUSTAFA KAMAL MQM,DAWA KHAN SABIR  PTI,23,1267,0.9423835832675612,0.3898973954222573
75.0,71.0,0.43779677113010446,461.0,75,307,19,461.0,307.0,19.0,461.0,307.0,19.0,461.0,0.0,0.0,0.0,False,True,DAWA KHAN SABIR  PTI,DAWA KHAN SABIR  PTI,24,1053,0.43779677113010446,0.43779677113010446
76.0,72.0,0.4595283620140217,721.0,76,178,23,321.0,178.0,23.0,321.0,178.0,23.0,321.0,0.0,0.0,0.0,False,True,DAWA KHAN SABIR  PTI,DAWA KHAN SABIR  PTI,24,1569,0.2045889101338432,0.2045889101338432
77.0,73.0,0.3315068493150685,605.0,77,320,4,600.0,320.0,4.0,605.0,320.0,4.0,605.0,0.0,0.0,5.0,False,True,DAWA KHAN SABIR  PTI,DAWA KHAN SABIR  PTI,24,1825,0.3287671232876712,0.3315068493150685
78.0,74.0,0.38932910723718966,737.0,78,355,61,737.0,355.0,61.0,737.0,355.0,61.0,737.0,0.0,0.0,0.0,False,True,DAWA KHAN SABIR  PTI,DAWA KHAN SABIR  PTI,24,1893,0.38932910723718966,0.38932910723718966
79.0,75.0,0.3524590163934426,430.0,79,186,738,1102.0,186.0,38.0,429.0,186.0,38.0,429.0,700.0,0.0,673.0,False,False,SYED MUSTAFA KAMAL MQM,DAWA KHAN SABIR  PTI,24,1220,0.9032786885245901,0.3516393442622951
80.0,76.0,0.36743886743886744,571.0,80,179,20,359.0,179.0,20.0,359.0,179.0,20.0,359.0,0.0,0.0,0.0,False,True,DAWA KHAN SABIR  PTI,DAWA KHAN SABIR  PTI,24,1554,0.231016731016731,0.231016731016731
81.0,77.0,0.377431906614786,485.0,81,230,73,485.0,230.0,73.0,485.0,230.0,73.0,485.0,0.0,0.0,0.0,False,True,DAWA KHAN SABIR  PTI,DAWA KHAN SABIR  PTI,25,1285,0.377431906614786,0.377431906614786
82.0,78.0,0.1910891089108911,193.0,82,83,19,193.0,83.0,19.0,193.0,83.0,19.0,193.0,0.0,0.0,0.0,False,True,DAWA KHAN SABIR  PTI,DAWA KHAN SABIR  PTI,25,1010,0.1910891089108911,0.1910891089108911
83.0,79.0,0.31315657828914456,626.0,83,262,69,619.0,262.0,69.0,619.0,262.0,69.0,619.0,0.0,0.0,0.0,False,True,DAWA KHAN SABIR  PTI,DAWA KHAN SABIR  PTI,25,1999,0.30965482741370687,0.30965482741370687
84.0,80.0,0.43322475570032576,665.0,84,230,831,1465.0,230.0,31.0,665.0,230.0,31.0,665.0,800.0,0.0,800.0,False,False,SYED MUSTAFA KAMAL MQM,DAWA KHAN SABIR  PTI,25,1535,0.9543973941368078,0.43322475570032576
85.0,81.0,1.0,1167.0,85,113,809,1040.0,113.0,9.0,342.0,113.0,9.0,342.0,800.0,0.0,698.0,False,False,SYED MUSTAFA KAMAL MQM,DAWA KHAN SABIR  PTI,26,1167,0.8911739502999143,0.2930591259640103
86.0,82.0,0.3593947036569987,,86,154,119,570.0,154.0,119.0,570.0,154.0,119.0,570.0,0.0,0.0,0.0,False,True,DAWA KHAN SABIR  PTI,DAWA KHAN SABIR  PTI,26,1586,0.3593947036569987,0.3593947036569987
87.0,83.0,0.2358974358974359,276.0,87,84,892,1127.0,84.0,42.0,276.0,84.0,42.0,276.0,850.0,0.0,851.0,False,False,SYED MUSTAFA KAMAL MQM,DAWA KHAN SABIR  PTI,26,1170,0.9632478632478633,0.2358974358974359
88.0,84.0,0.375,585.0,88,190,82,585.0,190.0,82.0,585.0,190.0,82.0,585.0,0.0,0.0,0.0,False,True,DAWA KHAN SABIR  PTI,DAWA KHAN SABIR  PTI,26,1560,0.375,0.375
89.0,85.0,0.20966420966420968,256.0,89,98,16,256.0,98.0,16.0,256.0,98.0,16.0,256.0,0.0,0.0,0.0,False,True,DAWA KHAN SABIR  PTI,DAWA KHAN SABIR  PTI,26,1221,0.20966420966420968,0.20966420966420968
90.0,86.0,0.39296187683284456,402.0,90,99,74,402.0,99.0,74.0,402.0,99.0,74.0,402.0,0.0,0.0,0.0,False,True,DAWA KHAN SABIR  PTI,DAWA KHAN SABIR  PTI,27,1023,0.39296187683284456,0.39296187683284456
91.0,87.0,0.3405994550408719,500.0,91,251,922,1402.0,251.0,22.0,1468.0,251.0,22.0,1468.0,900.0,0.0,66.0,False,False,SYED MUSTAFA KAMAL MQM,DAWA KHAN SABIR  PTI,27,1468,0.9550408719346049,1.0
92.0,88.0,0.19157088122605365,350.0,92,151,1427,1759.0,153.0,27.0,372.0,153.0,27.0,372.0,1400.0,2.0,1387.0,True,False,SYED MUSTAFA KAMAL MQM,DAWA KHAN SABIR  PTI,27,1827,0.9627805145046524,0.20361247947454844
93.0,89.0,0.285650623885918,641.0,93,445,23,644.0,445.0,23.0,644.0,445.0,23.0,644.0,0.0,0.0,0.0,False,True,DAWA KHAN SABIR  PTI,DAWA KHAN SABIR  PTI,27,2244,0.28698752228163993,0.28698752228163993
94.0,5.0,0.32101372756071805,608.0,94,293,46,607.0,293.0,46.0,607.0,293.0,46.0,607.0,0.0,0.0,0.0,False,True,DAWA KHAN SABIR  PTI,DAWA KHAN SABIR  PTI,27,1894,0.3204857444561774,0.3204857444561774
95.0,6.0,1.0,1402.0,95,149,12,294.0,149.0,12.0,294.0,149.0,12.0,294.0,0.0,0.0,0.0,False,True,DAWA KHAN SABIR  PTI,DAWA KHAN SABIR  PTI,28,1402,0.20970042796005706,0.20970042796005706
96.0,7.0,0.4376391982182628,786.0,96,542,26,808.0,542.0,26.0,808.0,542.0,26.0,808.0,0.0,0.0,0.0,False,True,DAWA KHAN SABIR  PTI,DAWA KHAN SABIR  PTI,28,1796,0.44988864142538976,0.44988864142538976
97.0,8.0,0.2967032967032967,297.0,97,156,12,297.0,156.0,12.0,297.0,156.0,12.0,297.0,0.0,0.0,0.0,False,True,DAWA KHAN SABIR  PTI,DAWA KHAN SABIR  PTI,28,1001,0.2967032967032967,0.2967032967032967
98.0,9.0,0.45542168674698796,567.0,98,276,52,580.0,276.0,52.0,579.0,276.0,52.0,579.0,0.0,0.0,1.0,False,True,DAWA KHAN SABIR  PTI,DAWA KHAN SABIR  PTI,29,1245,0.46586345381526106,0.4650602409638554
99.0,10.0,0.37971582557569816,775.0,99,377,55,783.0,377.0,55.0,783.0,377.0,55.0,783.0,0.0,0.0,0.0,False,True,DAWA KHAN SABIR  PTI,DAWA KHAN SABIR  PTI,29,2041,0.3836354728074473,0.3836354728074473
100.0,11.0,0.23758389261744967,354.0,100,201,17,354.0,201.0,17.0,1490.0,201.0,17.0,1490.0,0.0,0.0,1136.0,False,True,DAWA KHAN SABIR  PTI,DAWA KHAN SABIR  PTI,29,1490,0.23758389261744967,1.0
101.0,12.0,0.3818474758324382,711.0,101,342,71,715.0,341.0,71.0,,341.0,71.0,715.0,0.0,1.0,0.0,False,True,DAWA KHAN SABIR  PTI,DAWA KHAN SABIR  PTI,29,1862,0.38399570354457574,0.38399570354457574
102.0,13.0,0.28878281622911695,484.0,102,224,29,500.0,224.0,29.0,490.0,224.0,29.0,490.0,0.0,0.0,10.0,False,True,DAWA KHAN SABIR  PTI,DAWA KHAN SABIR  PTI,29,1676,0.29832935560859186,0.29236276849642007
103.0,14.0,0.4387818520820385,706.0,103,332,53,706.0,332.0,53.0,706.0,332.0,53.0,706.0,0.0,0.0,0.0,False,True,DAWA KHAN SABIR  PTI,DAWA KHAN SABIR  PTI,29,1609,0.4387818520820385,0.4387818520820385
104.0,15.0,0.2857142857142857,356.0,104,174,8,366.0,174.0,8.0,365.0,174.0,8.0,365.0,0.0,0.0,1.0,False,True,DAWA KHAN SABIR  PTI,DAWA KHAN SABIR  PTI,30,1246,0.29373996789727125,0.2929373996789727
105.0,16.0,0.33489187609585036,573.0,105,183,38,573.0,183.0,38.0,573.0,183.0,38.0,573.0,0.0,0.0,0.0,False,True,DAWA KHAN SABIR  PTI,DAWA KHAN SABIR  PTI,30,1711,0.33489187609585036,0.33489187609585036
106.0,17.0,0.25940138142747504,338.0,106,77,906,1240.0,77.0,6.0,338.0,77.0,6.0,338.0,900.0,0.0,902.0,False,False,SYED MUSTAFA KAMAL MQM,DAWA KHAN SABIR  PTI,30,1303,0.9516500383729855,0.25940138142747504
107.0,18.0,0.3195150567070786,817.0,107,388,46,817.0,388.0,46.0,817.0,388.0,46.0,817.0,0.0,0.0,0.0,False,True,DAWA KHAN SABIR  PTI,DAWA KHAN SABIR  PTI,30,2557,0.3195150567070786,0.3195150567070786
108.0,19.0,0.4190054160512063,851.0,108,356,116,852.0,356.0,116.0,852.0,356.0,116.0,852.0,0.0,0.0,0.0,False,True,DAWA KHAN SABIR  PTI,DAWA KHAN SABIR  PTI,30,2031,0.4194977843426883,0.4194977843426883
109.0,20.0,0.20508054522924413,331.0,109,153,23,338.0,153.0,23.0,339.0,153.0,23.0,339.0,0.0,0.0,1.0,False,True,DAWA KHAN SABIR  PTI,DAWA KHAN SABIR  PTI,31,1614,0.2094175960346964,0.2100371747211896
110.0,90.0,0.27598784194528875,454.0,110,86,58,284.0,86.0,58.0,,86.0,58.0,284.0,0.0,0.0,0.0,False,True,DAWA KHAN SABIR  PTI,DAWA KHAN SABIR  PTI,31,1645,0.17264437689969606,0.17264437689969606
111.0,91.0,0.2864417568427753,450.0,111,117,166,466.0,,,,117.0,166.0,466.0,0.0,0.0,0.0,False,False,SYED MUSTAFA KAMAL MQM,SYED MUSTAFA KAMAL MQM,31,1571,0.2966263526416295,0.2966263526416295
112.0,92.0,0.17434210526315788,212.0,112,68,41,212.0,68.0,41.0,212.0,68.0,41.0,212.0,0.0,0.0,0.0,False,True,DAWA KHAN SABIR  PTI,DAWA KHAN SABIR  PTI,31,1216,0.17434210526315788,0.17434210526315788
113.0,93.0,0.2309090909090909,508.0,113,181,92,508.0,181.0,92.0,508.0,181.0,92.0,508.0,0.0,0.0,0.0,False,True,DAWA KHAN SABIR  PTI,DAWA KHAN SABIR  PTI,32,2200,0.2309090909090909,0.2309090909090909
114.0,94.0,0.2986850344395742,477.0,114,171,99,477.0,171.0,99.0,477.0,171.0,99.0,477.0,0.0,0.0,0.0,False,True,DAWA KHAN SABIR  PTI,DAWA KHAN SABIR  PTI,32,1597,0.2986850344395742,0.2986850344395742
115.0,95.0,0.3172828890799656,369.0,115,72,156,369.0,72.0,156.0,369.0,72.0,156.0,369.0,0.0,0.0,0.0,False,False,SYED MUSTAFA KAMAL MQM,SYED MUSTAFA KAMAL MQM,32,1163,0.3172828890799656,0.3172828890799656
116.0,96.0,0.3435406698564593,359.0,116,62,185,259.0,,,,62.0,185.0,259.0,0.0,0.0,0.0,False,False,SYED MUSTAFA KAMAL MQM,SYED MUSTAFA KAMAL MQM,32,1045,0.24784688995215312,0.24784688995215312
117.0,97.0,0.1976190476190476,332.0,117,73,123,327.0,,,,73.0,123.0,327.0,0.0,0.0,0.0,False,False,SYED MUSTAFA KAMAL MQM,SYED MUSTAFA KAMAL MQM,32,1680,0.19464285714285715,0.19464285714285715
118.0,98.0,0.9387060158910329,1654.0,118,75,1421,1563.0,,,,75.0,1421.0,1563.0,0.0,0.0,0.0,False,False,SYED MUSTAFA KAMAL MQM,SYED MUSTAFA KAMAL MQM,33,1762,0.8870601589103292,0.8870601589103292
119.0,99.0,0.21390374331550802,280.0,119,135,0,280.0,62.0,185.0,,62.0,185.0,280.0,185.0,73.0,0.0,True,True,DAWA KHAN SABIR  PTI,SYED MUSTAFA KAMAL MQM,33,1309,0.21390374331550802,0.21390374331550802
120.0,100.0,0.547945205479452,960.0,120,53,1447,1666.0,,,,53.0,1447.0,1666.0,0.0,0.0,0.0,False,False,SYED MUSTAFA KAMAL MQM,SYED MUSTAFA KAMAL MQM,33,1752,0.9509132420091324,0.9509132420091324
121.0,101.0,0.23577235772357724,319.0,121,45,186,319.0,45.0,186.0,319.0,45.0,186.0,319.0,0.0,0.0,0.0,False,False,SYED MUSTAFA KAMAL MQM,SYED MUSTAFA KAMAL MQM,33,1353,0.23577235772357724,0.23577235772357724
122.0,102.0,0.40914709517923364,662.0,122,106,315,666.0,106.0,315.0,666.0,106.0,315.0,666.0,0.0,0.0,0.0,False,False,SYED MUSTAFA KAMAL MQM,SYED MUSTAFA KAMAL MQM,34,1618,0.411619283065513,0.411619283065513
123.0,103.0,0.28418230563002683,318.0,123,56,124,318.0,56.0,124.0,318.0,56.0,124.0,318.0,0.0,0.0,0.0,False,False,SYED MUSTAFA KAMAL MQM,SYED MUSTAFA KAMAL MQM,34,1119,0.28418230563002683,0.28418230563002683
124.0,104.0,0.21281645569620253,269.0,124,68,91,269.0,68.0,91.0,269.0,68.0,91.0,269.0,0.0,0.0,0.0,False,False,SYED MUSTAFA KAMAL MQM,SYED MUSTAFA KAMAL MQM,34,1264,0.21281645569620253,0.21281645569620253
125.0,105.0,0.3429228998849252,596.0,125,146,264,596.0,,,,146.0,264.0,596.0,0.0,0.0,0.0,False,False,SYED MUSTAFA KAMAL MQM,SYED MUSTAFA KAMAL MQM,35,1738,0.3429228998849252,0.3429228998849252
126.0,106.0,0.30158730158730157,532.0,126,126,204,532.0,126.0,204.0,,126.0,204.0,532.0,0.0,0.0,0.0,False,False,SYED MUSTAFA KAMAL MQM,SYED MUSTAFA KAMAL MQM,35,1764,0.30158730158730157,0.30158730158730157
127.0,107.0,0.39940476190476193,671.0,127,106,375,673.0,106.0,375.0,673.0,106.0,375.0,673.0,0.0,0.0,0.0,False,False,SYED MUSTAFA KAMAL MQM,SYED MUSTAFA KAMAL MQM,35,1680,0.4005952380952381,0.4005952380952381
128.0,108.0,0.27723577235772356,341.0,128,55,986,1142.0,55.0,185.0,342.0,55.0,185.0,342.0,801.0,0.0,800.0,False,False,SYED MUSTAFA KAMAL MQM,SYED MUSTAFA KAMAL MQM,35,1230,0.9284552845528455,0.2780487804878049
129.0,109.0,0.1828499369482976,290.0,129,81,90,290.0,81.0,90.0,290.0,81.0,90.0,290.0,0.0,0.0,0.0,False,False,SYED MUSTAFA KAMAL MQM,SYED MUSTAFA KAMAL MQM,35,1586,0.1828499369482976,0.1828499369482976
130.0,110.0,0.6026809651474531,1124.0,130,190,663,1183.0,190.0,663.0,423.0,190.0,663.0,423.0,0.0,0.0,760.0,False,False,SYED MUSTAFA KAMAL MQM,SYED MUSTAFA KAMAL MQM,36,1865,0.6343163538873995,0.22680965147453083
131.0,111.0,0.181391712275215,232.0,131,76,48,232.0,76.0,48.0,228.0,76.0,48.0,228.0,0.0,0.0,4.0,False,True,DAWA KHAN SABIR  PTI,DAWA KHAN SABIR  PTI,36,1279,0.181391712275215,0.1782642689601251
132.0,112.0,0.3368220742150333,708.0,132,273,146,710.0,273.0,146.0,,273.0,146.0,710.0,0.0,0.0,0.0,False,True,DAWA KHAN SABIR  PTI,DAWA KHAN SABIR  PTI,36,2102,0.33777354900095147,0.33777354900095147
133.0,113.0,0.21798875702685822,349.0,133,177,49,359.0,177.0,49.0,355.0,177.0,49.0,355.0,0.0,0.0,4.0,False,True,DAWA KHAN SABIR  PTI,DAWA KHAN SABIR  PTI,36,1601,0.22423485321673953,0.221736414740787
134.0,21.0,0.3930905695611578,842.0,134,363,213,842.0,363.0,213.0,842.0,363.0,213.0,842.0,0.0,0.0,0.0,False,True,DAWA KHAN SABIR  PTI,DAWA KHAN SABIR  PTI,37,2142,0.3930905695611578,0.3930905695611578
135.0,22.0,0.46287927695287284,717.0,135,184,272,717.0,184.0,272.0,717.0,184.0,272.0,717.0,0.0,0.0,0.0,False,False,SYED MUSTAFA KAMAL MQM,SYED MUSTAFA KAMAL MQM,37,1549,0.46287927695287284,0.46287927695287284
136.0,23.0,0.3187221396731055,429.0,136,118,132,426.0,118.0,132.0,426.0,118.0,132.0,426.0,0.0,0.0,0.0,False,False,SYED MUSTAFA KAMAL MQM,SYED MUSTAFA KAMAL MQM,37,1346,0.3164933135215453,0.3164933135215453
137.0,24.0,0.3560509554140127,559.0,137,149,155,559.0,0.0,2.0,559.0,0.0,2.0,559.0,153.0,149.0,0.0,True,False,SYED MUSTAFA KAMAL MQM,SYED MUSTAFA KAMAL MQM,37,1570,0.3560509554140127,0.3560509554140127
138.0,25.0,0.3721751412429379,527.0,138,160,180,527.0,160.0,180.0,527.0,160.0,180.0,527.0,0.0,0.0,0.0,False,False,SYED MUSTAFA KAMAL MQM,SYED MUSTAFA KAMAL MQM,37,1416,0.3721751412429379,0.3721751412429379
139.0,26.0,0.41778975741239893,620.0,139,134,923,,134.0,123.0,620.0,134.0,123.0,620.0,800.0,0.0,,False,False,SYED MUSTAFA KAMAL MQM,DAWA KHAN SABIR  PTI,38,1484,,0.41778975741239893
140.0,27.0,0.31497418244406195,366.0,140,55,644,955.0,55.0,44.0,366.0,55.0,44.0,366.0,600.0,0.0,589.0,False,False,SYED MUSTAFA KAMAL MQM,DAWA KHAN SABIR  PTI,38,1162,0.8218588640275387,0.31497418244406195
141.0,28.0,0.37133277451802177,443.0,141,175,60,443.0,175.0,60.0,445.0,175.0,60.0,445.0,0.0,0.0,2.0,False,True,DAWA KHAN SABIR  PTI,DAWA KHAN SABIR  PTI,38,1193,0.37133277451802177,0.3730092204526404
142.0,29.0,0.5114222549742078,694.0,142,259,144,693.0,259.0,144.0,693.0,259.0,144.0,693.0,0.0,0.0,0.0,False,True,DAWA KHAN SABIR  PTI,DAWA KHAN SABIR  PTI,38,1357,0.5106853352984525,0.5106853352984525
143.0,30.0,0.3160919540229885,330.0,143,131,43,329.0,131.0,43.0,,131.0,43.0,329.0,0.0,0.0,0.0,False,True,DAWA KHAN SABIR  PTI,DAWA KHAN SABIR  PTI,38,1044,0.31513409961685823,0.31513409961685823
144.0,31.0,0.3910814966683752,763.0,144,304,329,763.0,304.0,119.0,762.0,304.0,119.0,762.0,210.0,0.0,1.0,False,False,SYED MUSTAFA KAMAL MQM,DAWA KHAN SABIR  PTI,39,1951,0.3910814966683752,0.39056893900563816
145.0,32.0,1.0,1245.0,145,84,106,422.0,84.0,106.0,422.0,84.0,106.0,422.0,0.0,0.0,0.0,False,False,SYED MUSTAFA KAMAL MQM,SYED MUSTAFA KAMAL MQM,39,1245,0.3389558232931727,0.3389558232931727
146.0,33.0,0.4468485418626529,950.0,146,180,817,1434.0,180.0,317.0,,180.0,317.0,1434.0,500.0,0.0,0.0,False,False,SYED MUSTAFA KAMAL MQM,SYED MUSTAFA KAMAL MQM,40,2126,0.6745061147695203,0.6745061147695203
147.0,34.0,1.0,1692.0,147,109,135,502.0,109.0,135.0,502.0,109.0,135.0,502.0,0.0,0.0,0.0,False,False,SYED MUSTAFA KAMAL MQM,SYED MUSTAFA KAMAL MQM,40,1692,0.2966903073286052,0.2966903073286052
148.0,35.0,0.3980263157894737,605.0,148,118,130,608.0,118.0,130.0,,118.0,130.0,608.0,0.0,0.0,0.0,False,False,SYED MUSTAFA KAMAL MQM,SYED MUSTAFA KAMAL MQM,40,1520,0.4,0.4
149.0,36.0,0.29123468426013194,309.0,149,58,55,309.0,58.0,55.0,,58.0,55.0,309.0,0.0,0.0,0.0,False,True,DAWA KHAN SABIR  PTI,DAWA KHAN SABIR  PTI,40,1061,0.29123468426013194,0.29123468426013194
150.0,37.0,0.35714285714285715,605.0,150,159,1112,1602.0,159.0,112.0,605.0,159.0,112.0,605.0,1000.0,0.0,997.0,False,False,SYED MUSTAFA KAMAL MQM,DAWA KHAN SABIR  PTI,40,1694,0.9456906729634003,0.35714285714285715
151.0,38.0,0.23510466988727857,292.0,151,90,946,1187.0,,,,90.0,946.0,1187.0,0.0,0.0,0.0,False,False,SYED MUSTAFA KAMAL MQM,SYED MUSTAFA KAMAL MQM,41,1242,0.9557165861513688,0.9557165861513688
152.0,39.0,0.4383497421472105,935.0,152,229,108,935.0,229.0,108.0,935.0,229.0,108.0,935.0,0.0,0.0,0.0,False,True,DAWA KHAN SABIR  PTI,DAWA KHAN SABIR  PTI,41,2133,0.4383497421472105,0.4383497421472105
153.0,40.0,0.27571115973741794,378.0,153,89,43,374.0,89.0,43.0,374.0,89.0,43.0,374.0,0.0,0.0,0.0,False,True,DAWA KHAN SABIR  PTI,DAWA KHAN SABIR  PTI,41,1371,0.2727935813274982,0.2727935813274982
154.0,41.0,0.2675980655561526,498.0,154,138,1295,1697.0,138.0,95.0,489.0,138.0,95.0,489.0,1200.0,0.0,1208.0,False,False,SYED MUSTAFA KAMAL MQM,DAWA KHAN SABIR  PTI,41,1861,0.9118753358409457,0.26276195593766793
155.0,42.0,0.302713987473904,435.0,155,116,66,435.0,116.0,66.0,435.0,116.0,66.0,435.0,0.0,0.0,0.0,False,True,DAWA KHAN SABIR  PTI,DAWA KHAN SABIR  PTI,42,1437,0.302713987473904,0.302713987473904
156.0,43.0,0.35113960113960113,493.0,156,101,159,490.0,82.0,47.0,,82.0,47.0,490.0,112.0,19.0,0.0,True,False,SYED MUSTAFA KAMAL MQM,DAWA KHAN SABIR  PTI,42,1404,0.349002849002849,0.349002849002849
157.0,44.0,0.26377410468319556,383.0,157,85,454,584.0,108.0,61.0,386.0,108.0,61.0,386.0,393.0,23.0,198.0,True,False,SYED MUSTAFA KAMAL MQM,DAWA KHAN SABIR  PTI,42,1452,0.4022038567493113,0.26584022038567495
158.0,45.0,0.3875094055680963,515.0,158,141,828,1215.0,141.0,128.0,515.0,141.0,128.0,515.0,700.0,0.0,700.0,False,False,SYED MUSTAFA KAMAL MQM,DAWA KHAN SABIR  PTI,43,1329,0.9142212189616253,0.3875094055680963
159.0,46.0,2.63715953307393,2711.0,159,73,40,211.0,73.0,40.0,211.0,73.0,40.0,211.0,0.0,0.0,0.0,False,True,DAWA KHAN SABIR  PTI,DAWA KHAN SABIR  PTI,43,1028,0.20525291828793774,0.20525291828793774
160.0,47.0,0.368452030606239,626.0,160,201,1106,1593.0,201.0,106.0,628.0,201.0,106.0,628.0,1000.0,0.0,965.0,False,False,SYED MUSTAFA KAMAL MQM,DAWA KHAN SABIR  PTI,43,1699,0.9376103590347263,0.3696291936433196
161.0,48.0,0.40053763440860213,596.0,161,194,96,596.0,194.0,96.0,596.0,194.0,96.0,596.0,0.0,0.0,0.0,False,True,DAWA KHAN SABIR  PTI,DAWA KHAN SABIR  PTI,43,1488,0.40053763440860213,0.40053763440860213
162.0,49.0,0.2631578947368421,275.0,162,76,42,276.0,76.0,42.0,1045.0,76.0,42.0,1045.0,0.0,0.0,769.0,False,True,DAWA KHAN SABIR  PTI,DAWA KHAN SABIR  PTI,44,1045,0.2641148325358852,1.0
163.0,50.0,0.3795435333896872,449.0,163,130,99,451.0,130.0,99.0,451.0,130.0,99.0,451.0,0.0,0.0,0.0,False,True,DAWA KHAN SABIR  PTI,DAWA KHAN SABIR  PTI,44,1183,0.3812341504649197,0.3812341504649197
164.0,51.0,1.0,1408.0,164,125,101,463.0,125.0,101.0,463.0,125.0,101.0,463.0,0.0,0.0,0.0,False,True,DAWA KHAN SABIR  PTI,DAWA KHAN SABIR  PTI,44,1408,0.3288352272727273,0.3288352272727273
165.0,52.0,0.20949263502454993,384.0,165,120,1365,1684.0,120.0,65.0,384.0,120.0,65.0,384.0,1300.0,0.0,1300.0,False,False,SYED MUSTAFA KAMAL MQM,DAWA KHAN SABIR  PTI,45,1833,0.9187124931805782,0.20949263502454993
166.0,53.0,0.39105339105339104,813.0,166,196,272,812.0,196.0,272.0,812.0,196.0,272.0,812.0,0.0,0.0,0.0,False,False,SYED MUSTAFA KAMAL MQM,SYED MUSTAFA KAMAL MQM,45,2079,0.39057239057239057,0.39057239057239057
167.0,54.0,0.28885923949299536,433.0,167,86,152,433.0,,,,86.0,152.0,433.0,0.0,0.0,0.0,False,False,SYED MUSTAFA KAMAL MQM,SYED MUSTAFA KAMAL MQM,45,1499,0.28885923949299536,0.28885923949299536
168.0,55.0,0.3655367231638418,647.0,168,180,142,647.0,,,,180.0,142.0,647.0,0.0,0.0,0.0,False,True,DAWA KHAN SABIR  PTI,DAWA KHAN SABIR  PTI,46,1770,0.3655367231638418,0.3655367231638418
169.0,56.0,0.2160919540229885,282.0,169,94,57,282.0,94.0,57.0,282.0,94.0,57.0,282.0,0.0,0.0,0.0,False,True,DAWA KHAN SABIR  PTI,DAWA KHAN SABIR  PTI,46,1305,0.2160919540229885,0.2160919540229885
170.0,57.0,0.2874125874125874,411.0,170,143,64,411.0,143.0,64.0,411.0,143.0,64.0,411.0,0.0,0.0,0.0,False,True,DAWA KHAN SABIR  PTI,DAWA KHAN SABIR  PTI,46,1430,0.2874125874125874,0.2874125874125874
171.0,58.0,0.3403389830508475,502.0,171,189,95,527.0,,,,189.0,95.0,527.0,0.0,0.0,0.0,False,True,DAWA KHAN SABIR  PTI,DAWA KHAN SABIR  PTI,46,1475,0.3572881355932203,0.3572881355932203
,,0.3064935064935065,,172,28,14,354.0,28.0,14.0,354.0,28.0,14.0,354.0,0.0,0.0,0.0,False,True,DAWA KHAN SABIR  PTI,DAWA KHAN SABIR  PTI,47,1155,0.3064935064935065,0.3064935064935065
,,0.9259656652360515,,173,46,605,863.0,46.0,5.0,248.0,46.0,5.0,248.0,600.0,0.0,615.0,False,False,SYED MUSTAFA KAMAL MQM,DAWA KHAN SABIR  PTI,47,932,0.9259656652360515,0.26609442060085836
,,0.4030274361400189,,174,23,10,426.0,,,,23.0,10.0,426.0,0.0,0.0,0.0,False,True,DAWA KHAN SABIR  PTI,DAWA KHAN SABIR  PTI,47,1057,0.4030274361400189,0.4030274361400189
,,0.5590062111801242,,175,55,350,450.0,8.0,11.0,,8.0,11.0,450.0,339.0,47.0,0.0,True,False,SYED MUSTAFA KAMAL MQM,SYED MUSTAFA KAMAL MQM,48,805,0.5590062111801242,0.5590062111801242
,,0.8051823416506718,,176,777,55,839.0,,,,777.0,55.0,839.0,0.0,0.0,0.0,False,True,DAWA KHAN SABIR  PTI,DAWA KHAN SABIR  PTI,48,1042,0.8051823416506718,0.8051823416506718
,,0.3581699346405229,,177,54,6,274.0,51.0,6.0,,51.0,6.0,274.0,0.0,3.0,0.0,False,True,DAWA KHAN SABIR  PTI,DAWA KHAN SABIR  PTI,48,765,0.3581699346405229,0.3581699346405229
,,,,178,195,149,,195.0,149.0,,195.0,149.0,,0.0,0.0,,False,True,DAWA KHAN SABIR  PTI,DAWA KHAN SABIR  PTI,49,1924,,
,,0.25617977528089886,,179,112,52,342.0,112.0,52.0,,112.0,52.0,342.0,0.0,0.0,0.0,False,True,DAWA KHAN SABIR  PTI,DAWA KHAN SABIR  PTI,49,1335,0.25617977528089886,0.25617977528089886
,,0.3446945337620579,,180,120,64,536.0,120.0,64.0,,120.0,64.0,536.0,0.0,0.0,0.0,False,True,DAWA KHAN SABIR  PTI,DAWA KHAN SABIR  PTI,49,1555,0.3446945337620579,0.3446945337620579
181.0,59.0,0.3343701399688958,430.0,181,122,39,429.0,122.0,39.0,429.0,122.0,39.0,429.0,0.0,0.0,0.0,False,True,DAWA KHAN SABIR  PTI,DAWA KHAN SABIR  PTI,49,1286,0.33359253499222397,0.33359253499222397
182.0,60.0,0.387468671679198,773.0,182,207,97,771.0,207.0,97.0,769.0,207.0,97.0,769.0,0.0,0.0,2.0,False,True,DAWA KHAN SABIR  PTI,DAWA KHAN SABIR  PTI,50,1995,0.38646616541353385,0.3854636591478697
183.0,61.0,0.2762508809020437,392.0,183,104,35,391.0,104.0,35.0,391.0,104.0,35.0,391.0,0.0,0.0,0.0,False,True,DAWA KHAN SABIR  PTI,DAWA KHAN SABIR  PTI,50,1419,0.2755461592670895,0.2755461592670895
184.0,62.0,0.27200902934537247,482.0,184,148,108,482.0,148.0,108.0,477.0,148.0,108.0,477.0,0.0,0.0,5.0,False,True,DAWA KHAN SABIR  PTI,DAWA KHAN SABIR  PTI,51,1772,0.27200902934537247,0.26918735891647855
185.0,63.0,0.33704918032786885,514.0,185,173,133,512.0,173.0,133.0,512.0,173.0,133.0,512.0,0.0,0.0,0.0,False,True,DAWA KHAN SABIR  PTI,DAWA KHAN SABIR  PTI,51,1525,0.3357377049180328,0.3357377049180328
,,0.2433392539964476,,186,82,47,274.0,82.0,47.0,,82.0,47.0,274.0,0.0,0.0,0.0,False,True,DAWA KHAN SABIR  PTI,DAWA KHAN SABIR  PTI,51,1126,0.2433392539964476,0.2433392539964476
,,0.349437148217636,,187,226,72,745.0,226.0,72.0,745.0,226.0,72.0,745.0,0.0,0.0,0.0,False,True,DAWA KHAN SABIR  PTI,DAWA KHAN SABIR  PTI,51,2132,0.349437148217636,0.349437148217636
,,0.21633888048411498,,188,100,25,286.0,100.0,25.0,286.0,100.0,25.0,286.0,0.0,0.0,0.0,False,True,DAWA KHAN SABIR  PTI,DAWA KHAN SABIR  PTI,52,1322,0.21633888048411498,0.21633888048411498
,,0.8803680981595092,,189,156,1017,1435.0,156.0,20.0,435.0,156.0,20.0,435.0,997.0,0.0,1000.0,False,False,SYED MUSTAFA KAMAL MQM,DAWA KHAN SABIR  PTI,52,1630,0.8803680981595092,0.2668711656441718
,,0.9287037037037037,,190,92,649,1003.0,,,,92.0,649.0,1003.0,0.0,0.0,0.0,False,False,SYED MUSTAFA KAMAL MQM,SYED MUSTAFA KAMAL MQM,52,1080,0.9287037037037037,0.9287037037037037
,,0.35426731078904994,,191,129,21,440.0,,,,129.0,21.0,440.0,0.0,0.0,0.0,False,True,DAWA KHAN SABIR  PTI,DAWA KHAN SABIR  PTI,53,1242,0.35426731078904994,0.35426731078904994
,,0.21262002743484226,,192,72,26,310.0,129.0,21.0,,129.0,21.0,310.0,5.0,57.0,0.0,True,True,DAWA KHAN SABIR  PTI,DAWA KHAN SABIR  PTI,54,1458,0.21262002743484226,0.21262002743484226
193.0,64.0,0.3373032752020417,793.0,193,250,217,793.0,250.0,217.0,776.0,250.0,217.0,776.0,0.0,0.0,17.0,False,True,DAWA KHAN SABIR  PTI,DAWA KHAN SABIR  PTI,55,2351,0.3373032752020417,0.33007230965546575
194.0,65.0,0.2471671388101983,349.0,194,90,82,350.0,90.0,82.0,350.0,90.0,82.0,350.0,0.0,0.0,0.0,False,True,DAWA KHAN SABIR  PTI,DAWA KHAN SABIR  PTI,55,1412,0.24787535410764872,0.24787535410764872
195.0,66.0,0.3155497722836695,485.0,195,266,20,485.0,183.0,12.0,417.0,183.0,12.0,417.0,8.0,83.0,68.0,True,True,DAWA KHAN SABIR  PTI,DAWA KHAN SABIR  PTI,56,1537,0.3155497722836695,0.27130774235523747
196.0,67.0,0.41440117560617196,564.0,196,237,21,564.0,237.0,21.0,564.0,237.0,21.0,564.0,0.0,0.0,0.0,False,True,DAWA KHAN SABIR  PTI,DAWA KHAN SABIR  PTI,56,1361,0.41440117560617196,0.41440117560617196
197.0,68.0,0.37977632805219014,815.0,197,314,132,853.0,314.0,132.0,,314.0,132.0,853.0,0.0,0.0,0.0,False,True,DAWA KHAN SABIR  PTI,DAWA KHAN SABIR  PTI,56 Duplicate,2146,0.39748369058713884,0.39748369058713884
198.0,69.0,0.4004750593824228,843.0,198,226,277,840.0,226.0,277.0,809.0,226.0,277.0,809.0,0.0,0.0,31.0,False,False,SYED MUSTAFA KAMAL MQM,SYED MUSTAFA KAMAL MQM,58,2105,0.3990498812351544,0.3843230403800475
199.0,70.0,0.288981288981289,417.0,199,183,12,417.0,,,,183.0,12.0,417.0,0.0,0.0,0.0,False,True,DAWA KHAN SABIR  PTI,DAWA KHAN SABIR  PTI,58,1443,0.288981288981289,0.288981288981289
200.0,71.0,0.408,408.0,200,168,4,408.0,168.0,4.0,408.0,168.0,4.0,408.0,0.0,0.0,0.0,False,True,DAWA KHAN SABIR  PTI,DAWA KHAN SABIR  PTI,58,1000,0.408,0.408
201.0,72.0,0.18668496911461907,272.0,201,86,1,272.0,86.0,1.0,272.0,86.0,1.0,272.0,0.0,0.0,0.0,False,True,DAWA KHAN SABIR  PTI,DAWA KHAN SABIR  PTI,58,1457,0.18668496911461907,0.18668496911461907
202.0,73.0,0.3409490333919156,582.0,202,328,14,580.0,328.0,14.0,583.0,328.0,14.0,583.0,0.0,0.0,3.0,False,True,DAWA KHAN SABIR  PTI,DAWA KHAN SABIR  PTI,59,1707,0.3397773872290568,0.341534856473345
203.0,74.0,0.4107542942494399,550.0,203,271,9,550.0,271.0,9.0,550.0,271.0,9.0,550.0,0.0,0.0,0.0,False,True,DAWA KHAN SABIR  PTI,DAWA KHAN SABIR  PTI,59,1339,0.4107542942494399,0.4107542942494399
204.0,75.0,0.4351464435146444,416.0,204,202,5,416.0,202.0,5.0,416.0,202.0,5.0,416.0,0.0,0.0,0.0,False,True,DAWA KHAN SABIR  PTI,DAWA KHAN SABIR  PTI,59,956,0.4351464435146444,0.4351464435146444
205.0,76.0,0.4691588785046729,502.0,205,272,12,493.0,272.0,12.0,494.0,272.0,12.0,494.0,0.0,0.0,1.0,False,True,DAWA KHAN SABIR  PTI,DAWA KHAN SABIR  PTI,60,1070,0.46074766355140184,0.4616822429906542
206.0,77.0,0.21960414703110273,233.0,206,132,802,1033.0,132.0,2.0,233.0,132.0,2.0,233.0,800.0,0.0,800.0,False,False,SYED MUSTAFA KAMAL MQM,DAWA KHAN SABIR  PTI,60,1061,0.9736098020735156,0.21960414703110273
207.0,78.0,0.22745098039215686,348.0,207,28,127,348.0,28.0,127.0,,28.0,127.0,348.0,0.0,0.0,0.0,False,False,SYED MUSTAFA KAMAL MQM,SYED MUSTAFA KAMAL MQM,60,1530,0.22745098039215686,0.22745098039215686
208.0,79.0,0.16930379746835442,321.0,208,135,2,321.0,,,,135.0,2.0,321.0,0.0,0.0,0.0,False,True,DAWA KHAN SABIR  PTI,DAWA KHAN SABIR  PTI,61,1896,0.16930379746835442,0.16930379746835442
209.0,80.0,0.1857451403887689,258.0,209,113,1,252.0,113.0,1.0,,113.0,1.0,252.0,0.0,0.0,0.0,False,True,DAWA KHAN SABIR  PTI,DAWA KHAN SABIR  PTI,62,1389,0.18142548596112312,0.18142548596112312
210.0,81.0,0.3374269005847953,577.0,210,247,1125,1676.0,,,,247.0,1125.0,1676.0,0.0,0.0,0.0,False,False,SYED MUSTAFA KAMAL MQM,SYED MUSTAFA KAMAL MQM,62,1710,0.9801169590643275,0.9801169590643275
211.0,82.0,0.32318104906937395,573.0,211,269,15,573.0,269.0,15.0,573.0,269.0,15.0,573.0,0.0,0.0,0.0,False,True,DAWA KHAN SABIR  PTI,DAWA KHAN SABIR  PTI,62,1773,0.32318104906937395,0.32318104906937395
212.0,83.0,0.11221270842721946,249.0,212,190,15,420.0,,,,190.0,15.0,420.0,0.0,0.0,0.0,False,True,DAWA KHAN SABIR  PTI,DAWA KHAN SABIR  PTI,63,2219,0.1892744479495268,0.1892744479495268
213.0,84.0,0.3825317855168601,692.0,213,289,23,692.0,289.0,23.0,,289.0,23.0,692.0,0.0,0.0,0.0,False,True,DAWA KHAN SABIR  PTI,DAWA KHAN SABIR  PTI,63,1809,0.3825317855168601,0.3825317855168601
214.0,85.0,1.0,1089.0,214,91,702,946.0,91.0,2.0,1089.0,91.0,2.0,1089.0,700.0,0.0,143.0,False,False,SYED MUSTAFA KAMAL MQM,DAWA KHAN SABIR  PTI,64,1089,0.8686868686868687,1.0
215.0,86.0,0.3472840605520926,780.0,215,304,29,778.0,304.0,29.0,778.0,304.0,29.0,778.0,0.0,0.0,0.0,False,True,DAWA KHAN SABIR  PTI,DAWA KHAN SABIR  PTI,64,2246,0.346393588601959,0.346393588601959
216.0,87.0,0.23029045643153526,333.0,216,127,5,334.0,127.0,5.0,334.0,127.0,5.0,334.0,0.0,0.0,0.0,False,True,DAWA KHAN SABIR  PTI,DAWA KHAN SABIR  PTI,65,1446,0.23098201936376211,0.23098201936376211
217.0,88.0,0.16779891304347827,247.0,217,138,6,248.0,138.0,6.0,248.0,138.0,6.0,248.0,0.0,0.0,0.0,False,True,DAWA KHAN SABIR  PTI,DAWA KHAN SABIR  PTI,65,1472,0.16847826086956522,0.16847826086956522
218.0,89.0,0.34044298605414275,415.0,218,239,13,415.0,239.0,13.0,415.0,239.0,13.0,415.0,0.0,0.0,0.0,False,True,DAWA KHAN SABIR  PTI,DAWA KHAN SABIR  PTI,65,1219,0.34044298605414275,0.34044298605414275
219.0,90.0,1.0,1029.0,219,184,8,369.0,184.0,8.0,369.0,184.0,8.0,369.0,0.0,0.0,0.0,False,True,DAWA KHAN SABIR  PTI,DAWA KHAN SABIR  PTI,65,1029,0.358600583090379,0.358600583090379
220.0,91.0,0.3874439461883408,432.0,220,209,27,430.0,209.0,27.0,430.0,209.0,27.0,430.0,0.0,0.0,0.0,False,True,DAWA KHAN SABIR  PTI,DAWA KHAN SABIR  PTI,65,1115,0.38565022421524664,0.38565022421524664
221.0,92.0,0.39180765805877116,440.0,221,208,620,1038.0,208.0,20.0,436.0,208.0,20.0,436.0,600.0,0.0,602.0,False,False,SYED MUSTAFA KAMAL MQM,DAWA KHAN SABIR  PTI,66,1123,0.9243098842386465,0.38824577025823687
222.0,93.0,0.2226123595505618,317.0,222,161,19,318.0,161.0,19.0,318.0,161.0,19.0,318.0,0.0,0.0,0.0,False,True,DAWA KHAN SABIR  PTI,DAWA KHAN SABIR  PTI,66,1424,0.22331460674157302,0.22331460674157302
223.0,94.0,0.22255729794933654,369.0,223,84,80,368.0,84.0,80.0,368.0,84.0,80.0,368.0,0.0,0.0,0.0,False,True,DAWA KHAN SABIR  PTI,DAWA KHAN SABIR  PTI,67,1658,0.22195416164053075,0.22195416164053075
224.0,95.0,0.1593959731543624,190.0,224,42,25,188.0,43.0,25.0,188.0,43.0,25.0,188.0,0.0,1.0,0.0,False,True,DAWA KHAN SABIR  PTI,DAWA KHAN SABIR  PTI,67,1192,0.15771812080536912,0.15771812080536912
225.0,96.0,0.32286128564523925,668.0,225,189,106,668.0,189.0,106.0,668.0,189.0,106.0,668.0,0.0,0.0,0.0,False,True,DAWA KHAN SABIR  PTI,DAWA KHAN SABIR  PTI,67,2069,0.32286128564523925,0.32286128564523925
226.0,97.0,0.2254180602006689,337.0,226,82,1055,1337.0,82.0,55.0,337.0,82.0,55.0,337.0,1000.0,0.0,1000.0,False,False,SYED MUSTAFA KAMAL MQM,DAWA KHAN SABIR  PTI,67,1495,0.894314381270903,0.2254180602006689
,,0.30141010575793187,,227,132,69,513.0,132.0,69.0,513.0,132.0,69.0,513.0,0.0,0.0,0.0,False,True,DAWA KHAN SABIR  PTI,DAWA KHAN SABIR  PTI,68,1702,0.30141010575793187,0.30141010575793187
228.0,99.0,0.3678402522333158,700.0,228,197,122,704.0,197.0,122.0,701.0,197.0,122.0,701.0,0.0,0.0,3.0,False,True,DAWA KHAN SABIR  PTI,DAWA KHAN SABIR  PTI,68,1903,0.3699421965317919,0.36836573830793484
229.0,100.0,0.335014409221902,465.0,229,100,88,465.0,100.0,88.0,465.0,100.0,88.0,465.0,0.0,0.0,0.0,False,True,DAWA KHAN SABIR  PTI,DAWA KHAN SABIR  PTI,68,1388,0.335014409221902,0.335014409221902
230.0,101.0,0.4251497005988024,426.0,230,66,96,426.0,66.0,96.0,426.0,66.0,96.0,426.0,0.0,0.0,0.0,False,False,SYED MUSTAFA KAMAL MQM,SYED MUSTAFA KAMAL MQM,69,1002,0.4251497005988024,0.4251497005988024
231.0,102.0,0.21629718394248051,361.0,231,67,58,361.0,67.0,58.0,361.0,67.0,58.0,361.0,0.0,0.0,0.0,False,True,DAWA KHAN SABIR  PTI,DAWA KHAN SABIR  PTI,69,1669,0.21629718394248051,0.21629718394248051
,,0.8883666274970623,,232,404,868,1512.0,440.0,68.0,,440.0,68.0,1512.0,800.0,36.0,0.0,True,False,SYED MUSTAFA KAMAL MQM,DAWA KHAN SABIR  PTI,70,1702,0.8883666274970623,0.8883666274970623
,,0.9625151148730351,,233,409,925,1592.0,409.0,125.0,792.0,409.0,125.0,792.0,800.0,0.0,800.0,False,False,SYED MUSTAFA KAMAL MQM,DAWA KHAN SABIR  PTI,70,1654,0.9625151148730351,0.4788391777509069
,,0.2048643592142189,,234,133,20,219.0,133.0,20.0,219.0,133.0,20.0,219.0,0.0,0.0,0.0,False,True,DAWA KHAN SABIR  PTI,DAWA KHAN SABIR  PTI,70,1069,0.2048643592142189,0.2048643592142189
,,0.2262357414448669,,235,134,32,238.0,134.0,32.0,238.0,134.0,32.0,238.0,0.0,0.0,0.0,False,True,DAWA KHAN SABIR  PTI,DAWA KHAN SABIR  PTI,70,1052,0.2262357414448669,0.2262357414448669
,,0.4205834683954619,,236,300,11,519.0,300.0,0.0,519.0,300.0,0.0,519.0,11.0,0.0,0.0,False,True,DAWA KHAN SABIR  PTI,DAWA KHAN SABIR  PTI,70,1234,0.4205834683954619,0.4205834683954619
,,0.4731098986749805,,237,350,30,607.0,350.0,30.0,607.0,350.0,30.0,607.0,0.0,0.0,0.0,False,True,DAWA KHAN SABIR  PTI,DAWA KHAN SABIR  PTI,70,1283,0.4731098986749805,0.4731098986749805
,,0.19374616799509503,,238,96,145,316.0,158.0,8.0,287.0,158.0,8.0,287.0,137.0,62.0,29.0,True,False,SYED MUSTAFA KAMAL MQM,DAWA KHAN SABIR  PTI,71,1631,0.19374616799509503,0.1759656652360515
,,0.3450497949619215,,239,395,22,589.0,395.0,22.0,589.0,395.0,22.0,589.0,0.0,0.0,0.0,False,True,DAWA KHAN SABIR  PTI,DAWA KHAN SABIR  PTI,71,1707,0.3450497949619215,0.3450497949619215
,,0.9423347398030942,,240,577,1122,2010.0,577.0,22.0,,577.0,22.0,2010.0,1100.0,0.0,0.0,False,False,SYED MUSTAFA KAMAL MQM,DAWA KHAN SABIR  PTI,71,2133,0.9423347398030942,0.9423347398030942
,,0.11358220810166798,,241,108,2,143.0,108.0,2.0,166.0,108.0,2.0,166.0,0.0,0.0,23.0,False,True,DAWA KHAN SABIR  PTI,DAWA KHAN SABIR  PTI,72,1259,0.11358220810166798,0.1318506751389992
,,0.1835016835016835,,242,153,0,218.0,153.0,0.0,218.0,153.0,0.0,218.0,0.0,0.0,0.0,False,True,DAWA KHAN SABIR  PTI,DAWA KHAN SABIR  PTI,72,1188,0.1835016835016835,0.1835016835016835
,,0.4309660344067049,,243,667,43,977.0,667.0,43.0,978.0,667.0,43.0,978.0,0.0,0.0,1.0,False,True,DAWA KHAN SABIR  PTI,DAWA KHAN SABIR  PTI,72,2267,0.4309660344067049,0.43140714600794
,,0.21293800539083557,,244,215,6,316.0,215.0,6.0,316.0,215.0,6.0,316.0,0.0,0.0,0.0,False,True,DAWA KHAN SABIR  PTI,DAWA KHAN SABIR  PTI,72,1484,0.21293800539083557,0.21293800539083557
,,0.4513888888888889,,245,579,42,910.0,579.0,42.0,910.0,579.0,42.0,910.0,0.0,0.0,0.0,False,True,DAWA KHAN SABIR  PTI,DAWA KHAN SABIR  PTI,72,2016,0.4513888888888889,0.4513888888888889
,,0.23621460506706407,,246,196,7,317.0,196.0,7.0,317.0,196.0,7.0,317.0,0.0,0.0,0.0,False,True,DAWA KHAN SABIR  PTI,DAWA KHAN SABIR  PTI,73,1342,0.23621460506706407,0.23621460506706407
,,0.47593582887700536,,247,142,521,712.0,481.0,33.0,648.0,481.0,33.0,648.0,488.0,339.0,64.0,True,False,SYED MUSTAFA KAMAL MQM,DAWA KHAN SABIR  PTI,73,1496,0.47593582887700536,0.43315508021390375
,,0.5156537753222836,,248,514,58,840.0,514.0,58.0,840.0,514.0,58.0,840.0,0.0,0.0,0.0,False,True,DAWA KHAN SABIR  PTI,DAWA KHAN SABIR  PTI,73,1629,0.5156537753222836,0.5156537753222836
,,0.22764227642276422,,249,318,13,448.0,318.0,13.0,448.0,318.0,13.0,448.0,0.0,0.0,0.0,False,True,DAWA KHAN SABIR  PTI,DAWA KHAN SABIR  PTI,74,1968,0.22764227642276422,0.22764227642276422
,,0.5510616784630941,,250,340,622,1090.0,540.0,22.0,,540.0,22.0,1090.0,600.0,200.0,0.0,True,False,SYED MUSTAFA KAMAL MQM,DAWA KHAN SABIR  PTI,74,1978,0.5510616784630941,0.5510616784630941
,,0.4139072847682119,,251,470,12,625.0,470.0,12.0,,470.0,12.0,625.0,0.0,0.0,0.0,False,True,DAWA KHAN SABIR  PTI,DAWA KHAN SABIR  PTI,74,1510,0.4139072847682119,0.4139072847682119
,,0.6930737890448166,,252,235,1206,1531.0,237.0,6.0,,237.0,6.0,1531.0,1200.0,2.0,0.0,True,False,SYED MUSTAFA KAMAL MQM,DAWA KHAN SABIR  PTI,74,2209,0.6930737890448166,0.6930737890448166
,,0.2983910287664554,,253,357,22,612.0,357.0,22.0,612.0,357.0,22.0,612.0,0.0,0.0,0.0,False,True,DAWA KHAN SABIR  PTI,DAWA KHAN SABIR  PTI,74,2051,0.2983910287664554,0.2983910287664554
,,0.18097139055222888,,254,167,8,272.0,167.0,8.0,272.0,167.0,8.0,272.0,0.0,0.0,0.0,False,True,DAWA KHAN SABIR  PTI,DAWA KHAN SABIR  PTI,74,1503,0.18097139055222888,0.18097139055222888
,,0.42024886877828055,,255,475,30,743.0,475.0,30.0,743.0,475.0,30.0,743.0,0.0,0.0,0.0,False,True,DAWA KHAN SABIR  PTI,DAWA KHAN SABIR  PTI,75,1768,0.42024886877828055,0.42024886877828055
,,0.32901751713632904,,256,273,10,432.0,273.0,10.0,432.0,273.0,10.0,432.0,0.0,0.0,0.0,False,True,DAWA KHAN SABIR  PTI,DAWA KHAN SABIR  PTI,75,1313,0.32901751713632904,0.32901751713632904
,,0.4067982456140351,,257,369,34,742.0,369.0,34.0,742.0,369.0,34.0,742.0,0.0,0.0,0.0,False,True,DAWA KHAN SABIR  PTI,DAWA KHAN SABIR  PTI,75,1824,0.4067982456140351,0.4067982456140351
,,0.2756024096385542,,258,202,8,366.0,202.0,8.0,366.0,202.0,8.0,366.0,0.0,0.0,0.0,False,True,DAWA KHAN SABIR  PTI,DAWA KHAN SABIR  PTI,75,1328,0.2756024096385542,0.2756024096385542
,,0.39741750358680056,,259,262,31,554.0,262.0,31.0,554.0,262.0,31.0,554.0,0.0,0.0,0.0,False,True,DAWA KHAN SABIR  PTI,DAWA KHAN SABIR  PTI,75,1394,0.39741750358680056,0.39741750358680056
,,0.41490044958253053,,260,291,33,646.0,291.0,33.0,646.0,291.0,33.0,646.0,0.0,0.0,0.0,False,True,DAWA KHAN SABIR  PTI,DAWA KHAN SABIR  PTI,75,1557,0.41490044958253053,0.41490044958253053
,,0.9955112219451372,,261,241,1506,1996.0,241.0,19.0,526.0,241.0,19.0,526.0,1487.0,0.0,1470.0,False,False,SYED MUSTAFA KAMAL MQM,DAWA KHAN SABIR  PTI,76,2005,0.9955112219451372,0.26234413965087283
,,0.34959785522788206,,262,364,43,652.0,364.0,43.0,653.0,364.0,43.0,653.0,0.0,0.0,1.0,False,True,DAWA KHAN SABIR  PTI,DAWA KHAN SABIR  PTI,76,1865,0.34959785522788206,0.35013404825737265
,,0.4077733860342556,,263,317,44,619.0,317.0,44.0,620.0,317.0,44.0,620.0,0.0,0.0,1.0,False,True,DAWA KHAN SABIR  PTI,DAWA KHAN SABIR  PTI,76,1518,0.4077733860342556,0.40843214756258234
,,0.21127819548872181,,264,160,18,281.0,160.0,18.0,,160.0,18.0,281.0,0.0,0.0,0.0,False,True,DAWA KHAN SABIR  PTI,DAWA KHAN SABIR  PTI,77,1330,0.21127819548872181,0.21127819548872181
,,0.2852017937219731,,265,173,15,318.0,173.0,15.0,318.0,173.0,15.0,318.0,0.0,0.0,0.0,False,True,DAWA KHAN SABIR  PTI,DAWA KHAN SABIR  PTI,77,1115,0.2852017937219731,0.2852017937219731
,,0.41125541125541126,,266,376,28,570.0,376.0,28.0,570.0,376.0,28.0,570.0,0.0,0.0,0.0,False,True,DAWA KHAN SABIR  PTI,DAWA KHAN SABIR  PTI,77,1386,0.41125541125541126,0.41125541125541126
,,0.47435897435897434,,267,340,34,592.0,340.0,34.0,592.0,340.0,34.0,592.0,0.0,0.0,0.0,False,True,DAWA KHAN SABIR  PTI,DAWA KHAN SABIR  PTI,77,1248,0.47435897435897434,0.47435897435897434
,,0.2946969696969697,,268,260,11,389.0,260.0,11.0,398.0,260.0,11.0,398.0,0.0,0.0,9.0,False,True,DAWA KHAN SABIR  PTI,DAWA KHAN SABIR  PTI,77,1320,0.2946969696969697,0.3015151515151515
,,1.0,,269,248,14,1236.0,248.0,14.0,1236.0,248.0,14.0,1236.0,0.0,0.0,0.0,False,True,DAWA KHAN SABIR  PTI,DAWA KHAN SABIR  PTI,77,1236,1.0,1.0
,,0.45074106364428945,,270,302,20,517.0,302.0,20.0,517.0,302.0,20.0,517.0,0.0,0.0,0.0,False,True,DAWA KHAN SABIR  PTI,DAWA KHAN SABIR  PTI,78,1147,0.45074106364428945,0.45074106364428945
,,0.4119922630560928,,271,445,40,639.0,445.0,40.0,639.0,445.0,40.0,639.0,0.0,0.0,0.0,False,True,DAWA KHAN SABIR  PTI,DAWA KHAN SABIR  PTI,78,1551,0.4119922630560928,0.4119922630560928
,,0.2966333030027298,,272,255,16,326.0,255.0,16.0,330.0,255.0,16.0,330.0,0.0,0.0,4.0,False,True,DAWA KHAN SABIR  PTI,DAWA KHAN SABIR  PTI,78,1099,0.2966333030027298,0.3002729754322111
,,0.3776483050847458,,273,464,39,713.0,464.0,39.0,713.0,464.0,39.0,713.0,0.0,0.0,0.0,False,True,DAWA KHAN SABIR  PTI,DAWA KHAN SABIR  PTI,78,1888,0.3776483050847458,0.3776483050847458
,,0.1908580593424218,,274,193,2,238.0,193.0,2.0,238.0,193.0,2.0,238.0,0.0,0.0,0.0,False,True,DAWA KHAN SABIR  PTI,DAWA KHAN SABIR  PTI,79,1247,0.1908580593424218,0.1908580593424218
,,0.20181634712411706,,275,164,46,400.0,164.0,46.0,1982.0,164.0,46.0,1982.0,0.0,0.0,1582.0,False,True,DAWA KHAN SABIR  PTI,DAWA KHAN SABIR  PTI,79,1982,0.20181634712411706,1.0
,,0.06986899563318777,,276,38,17,96.0,38.0,17.0,405.0,38.0,17.0,405.0,0.0,0.0,309.0,False,True,DAWA KHAN SABIR  PTI,DAWA KHAN SABIR  PTI,80,1374,0.06986899563318777,0.29475982532751094
277.0,114.0,0.4975609756097561,612.0,277,172,15,396.0,172.0,15.0,395.0,172.0,15.0,395.0,0.0,0.0,1.0,False,True,DAWA KHAN SABIR  PTI,DAWA KHAN SABIR  PTI,80,1230,0.32195121951219513,0.32113821138211385
278.0,115.0,0.2803379416282642,365.0,278,77,125,258.0,167.0,27.0,363.0,167.0,27.0,363.0,98.0,90.0,105.0,True,False,SYED MUSTAFA KAMAL MQM,DAWA KHAN SABIR  PTI,81,1302,0.19815668202764977,0.27880184331797236
279.0,116.0,0.919392523364486,1574.0,279,126,1310,1574.0,126.0,10.0,262.0,126.0,10.0,262.0,1300.0,0.0,1312.0,False,False,SYED MUSTAFA KAMAL MQM,DAWA KHAN SABIR  PTI,81,1712,0.919392523364486,0.1530373831775701
280.0,117.0,0.3319693094629156,649.0,280,149,24,649.0,249.0,24.0,649.0,249.0,24.0,649.0,0.0,100.0,0.0,False,True,DAWA KHAN SABIR  PTI,DAWA KHAN SABIR  PTI,81,1955,0.3319693094629156,0.3319693094629156
281.0,118.0,0.36544437538844005,588.0,281,222,32,588.0,222.0,32.0,588.0,222.0,32.0,588.0,0.0,0.0,0.0,False,True,DAWA KHAN SABIR  PTI,DAWA KHAN SABIR  PTI,82,1609,0.36544437538844005,0.36544437538844005
282.0,119.0,0.35013850415512465,632.0,282,235,55,632.0,235.0,55.0,632.0,235.0,55.0,632.0,0.0,0.0,0.0,False,True,DAWA KHAN SABIR  PTI,DAWA KHAN SABIR  PTI,82,1805,0.35013850415512465,0.35013850415512465
283.0,120.0,0.446218487394958,531.0,283,193,63,532.0,193.0,63.0,531.0,193.0,63.0,531.0,0.0,0.0,1.0,False,True,DAWA KHAN SABIR  PTI,DAWA KHAN SABIR  PTI,82,1190,0.4470588235294118,0.446218487394958
284.0,121.0,0.371875,476.0,284,284,23,475.0,884.0,23.0,,884.0,23.0,475.0,0.0,600.0,0.0,False,True,DAWA KHAN SABIR  PTI,DAWA KHAN SABIR  PTI,82,1280,0.37109375,0.37109375
285.0,122.0,0.5205364626990779,621.0,285,107,846,1119.0,407.0,46.0,619.0,407.0,46.0,619.0,800.0,300.0,500.0,True,False,SYED MUSTAFA KAMAL MQM,DAWA KHAN SABIR  PTI,82,1193,0.9379715004191115,0.5188600167644594
286.0,123.0,0.14268218003674218,233.0,286,283,1025,1405.0,,,,283.0,1025.0,1405.0,0.0,0.0,0.0,False,False,SYED MUSTAFA KAMAL MQM,SYED MUSTAFA KAMAL MQM,83,1633,0.8603796693202694,0.8603796693202694
